published_date,published_month,source_name,topic_category,title_en,description_en,analysis_text_en,sentiment_label,sentiment_numeric,topic_id_general
2019-01-02,2019-01,WELT,Miscellaneous,Submarine War: U 1 could have shot down Emperor Wilhelm II.,"At first Germany's admirals held nothing of submarines. They were considered to be ""weapon of the weak."" Until the unloved prototype U 1 in 1907 shocked the emperor.","Submarine War: U 1 could have shot down Emperor Wilhelm II. At first Germany's admirals held nothing of submarines. They were considered to be ""weapon of the weak."" Until the unloved prototype U 1 in 1907 shocked the emperor.",others,0.0,-1
2019-01-03,2019-01,Tagesspiegel,Conflict & Protest,Taiwan threat: China's head of state actually targets the US,"Xi Jinping threatens Taiwan to forcibly unite the island with China if necessary. In fact, it is about the conflict with Donald Trump. A comment.","Taiwan threat: China's head of state actually targets the US Xi Jinping threatens Taiwan to forcibly unite the island with China if necessary. In fact, it is about the conflict with Donald Trump. A comment.",others,0.0,-1
2019-01-09,2019-01,Tagesspiegel,Miscellaneous,U.S. Embassy in Havana: No acoustic weapons: cricketing plagued U.S. diplomats in Cuba,"A local insect species was probably behind the ""strange noises"" that led to speculations about an acoustic attack in the US embassy","U.S. Embassy in Havana: No acoustic weapons: cricketing plagued U.S. diplomats in Cuba A local insect species was probably behind the ""strange noises"" that led to speculations about an acoustic attack in the US embassy",others,0.0,2
2019-01-10,2019-01,Tagesspiegel,Miscellaneous,Exhibition at the Amsterdam Rijksmuseum: The Birth of the Nation,"The Amsterdam Rijksmuseum presents a grandiose exhibition about the Eighty Years' War 450 years ago, at the end of which the Netherlands emerged.","Exhibition at the Amsterdam Rijksmuseum: The Birth of the Nation The Amsterdam Rijksmuseum presents a grandiose exhibition about the Eighty Years' War 450 years ago, at the end of which the Netherlands emerged.",others,0.0,-1
2019-01-10,2019-01,Tagesspiegel,Conflict & Protest,Opposition candidate Tshisekedi wins surprising election in Congo,"Surprisingly, Tshisekedi wins in the presidential election, but the result is a source of concern for new violence.","Opposition candidate Tshisekedi wins surprising election in Congo Surprisingly, Tshisekedi wins in the presidential election, but the result is a source of concern for new violence.",fear,0.0,0
2019-01-14,2019-01,Tagesspiegel,Miscellaneous,Death sentence against Canadians in China: Diplomacy with hostages?,"A Canadian has been sentenced to death in China for drug smuggling, which could be related to the detention of the Huawei manager in Canada.","Death sentence against Canadians in China: Diplomacy with hostages? A Canadian has been sentenced to death in China for drug smuggling, which could be related to the detention of the Huawei manager in Canada.",disgust,0.0,-1
2019-01-14,2019-01,RP ONLINE,Miscellaneous,Gdansk: Mayor Pavel Adamowicz died after knife attack,"On Sunday evening, the mayor of Gdansk, Pavel Adamowicz, was seriously injured by a knife attack. Now he succumbed to his injuries.","Gdansk: Mayor Pavel Adamowicz died after knife attack On Sunday evening, the mayor of Gdansk, Pavel Adamowicz, was seriously injured by a knife attack. Now he succumbed to his injuries.",sadness,-0.8276252150535583,2
2019-01-17,2019-01,RP ONLINE,Miscellaneous,Attack on Berliner Weihnachtsmarkt: Roommates of assassins Amri warned of him early,"Twelve people have been killed by the terrorist Amri. Were there no warning signs? But, says a former roommate. In the Bundestag, he reports among other things about Skype talks with Amris armed Islamists.","Attack on Berliner Weihnachtsmarkt: Roommates of assassins Amri warned of him early Twelve people have been killed by the terrorist Amri. Were there no warning signs? But, says a former roommate. In the Bundestag, he reports among other things about Skype talks with Amris armed Islamists.",others,0.0,1
2019-01-19,2019-01,RP ONLINE,Miscellaneous,Mönchengladbach: The Rheyd City Hall was damaged again,"Unknown people entered a wooden door. The police are currently not planning a break-in attempt, but rather vandalism.","Mönchengladbach: The Rheyd City Hall was damaged again Unknown people entered a wooden door. The police are currently not planning a break-in attempt, but rather vandalism.",fear,0.0,0
2019-01-23,2019-01,Tagesspiegel,Miscellaneous,War and Expulsion: The Gate to a New Homeland,Kriegsheimkehrer and late resettler: The historian Christopher Spatz recalls the border crossing camp Friedland.,War and Expulsion: The Gate to a New Homeland Kriegsheimkehrer and late resettler: The historian Christopher Spatz recalls the border crossing camp Friedland.,others,0.0,-1
2019-01-23,2019-01,Tagesspiegel,Conflict & Protest,Health policy : Doctor's protest against Spahn's appointment law,"On Wednesday, doctors throughout Germany protested against the planned deadline law. Health Minister Jens Spahn announces willingness to talk.","Health policy : Doctor's protest against Spahn's appointment law On Wednesday, doctors throughout Germany protested against the planned deadline law. Health Minister Jens Spahn announces willingness to talk.",others,0.0,0
2019-01-23,2019-01,Tagesspiegel,Miscellaneous,"Oscar candidate ""The Favourite"" in the cinema: War in the bedroom","Women are looking for power: the masterly and crazy costume film ""The Favourite"" – with Olivia Colman, Rachel Weisz and Emma Stone.","Oscar candidate ""The Favourite"" in the cinema: War in the bedroom Women are looking for power: the masterly and crazy costume film ""The Favourite"" – with Olivia Colman, Rachel Weisz and Emma Stone.",others,0.0,-1
2019-01-23,2019-01,Tagesspiegel,Miscellaneous,Deportation from Berlin: Berlin police consider their own deportation police,"In order to have more room for manoeuvre in deportations, Berlin police could in future accompany those affected to return.","Deportation from Berlin: Berlin police consider their own deportation police In order to have more room for manoeuvre in deportations, Berlin police could in future accompany those affected to return.",others,0.0,0
2019-02-01,2019-02,Tagesspiegel,Conflict & Protest,Political violence escalated in Berlin-Neukölln: Nazi expert allegedly committed an arson attack on AfD politicians,The car of an AfD politician is on fire. A former employee of the Amadeu-Antonio Foundation is suspected.,Political violence escalated in Berlin-Neukölln: Nazi expert allegedly committed an arson attack on AfD politicians The car of an AfD politician is on fire. A former employee of the Amadeu-Antonio Foundation is suspected.,others,0.0,-1
2019-02-02,2019-02,Tagesspiegel,Miscellaneous,War in Syria: Idlib,"In the last stronghold of the Assad opponents, jihadists have taken over power. Is Syria's province now threatening an offensive by the Assad regime?","War in Syria: Idlib In the last stronghold of the Assad opponents, jihadists have taken over power. Is Syria's province now threatening an offensive by the Assad regime?",others,0.0,1
2019-02-04,2019-02,Tagesspiegel,Miscellaneous,Decision of the Oberverwaltungsgericht: Berliner Polizei loses again in the dispute over tattoos,"The police must not, at their discretion, reject applicants for their tattoos, which is the task of the legislator.","Decision of the Oberverwaltungsgericht: Berliner Polizei loses again in the dispute over tattoos The police must not, at their discretion, reject applicants for their tattoos, which is the task of the legislator.",others,0.0,0
2019-02-05,2019-02,Tagesspiegel,Miscellaneous,Suspected of fraud: But no cancer - Berlin doctor after misdiagnosis in court,A physician from Berlin-Schöneberg is sued by a patient. His shocking diagnosis was probably expensive – and wrong. Police are also investigating.,Suspected of fraud: But no cancer - Berlin doctor after misdiagnosis in court A physician from Berlin-Schöneberg is sued by a patient. His shocking diagnosis was probably expensive – and wrong. Police are also investigating.,others,0.0,-1
2019-02-07,2019-02,merkur.de,Miscellaneous,"London: Blind passenger crashes as ""ice block"" from airplane and police reconstructed photo",This man fell from the sky: Police in London decided to take an unusual step and published a reconstructed picture of the man.,"London: Blind passenger crashes as ""ice block"" from airplane and police reconstructed photo This man fell from the sky: Police in London decided to take an unusual step and published a reconstructed picture of the man.",others,0.0,-1
2019-02-07,2019-02,Tagesspiegel,Politics (Germany),Ultra-rights in Saxony challenge CDU head of government Kretschmer,"""The Wing"" man Jörg Urban is to lead the AfD list for the Saxony election. His opponent Tino Chrupalla remains potential Prime Minister candidate.","Ultra-rights in Saxony challenge CDU head of government Kretschmer ""The Wing"" man Jörg Urban is to lead the AfD list for the Saxony election. His opponent Tino Chrupalla remains potential Prime Minister candidate.",others,0.0,0
2019-02-08,2019-02,t-online.de,Miscellaneous,Cheap record player with good sound,"Turntables from Dual, Lenco or Audio Technica are a good choice. We show five cheap turntables and a purchase tip from the Stiftung Warentest.","Cheap record player with good sound Turntables from Dual, Lenco or Audio Technica are a good choice. We show five cheap turntables and a purchase tip from the Stiftung Warentest.",others,0.0,3
2019-02-08,2019-02,t-online.de,Miscellaneous,These five cheap turntables provide rich sound,"Turntables from Dual, Lenco or Audio Technica are a good choice. We show five cheap turntables, including a recommendation from the Stiftung Warentest.","These five cheap turntables provide rich sound Turntables from Dual, Lenco or Audio Technica are a good choice. We show five cheap turntables, including a recommendation from the Stiftung Warentest.",others,0.0,3
2019-02-10,2019-02,Tagesspiegel,Miscellaneous,Berlin-Hellersdorf: racist attack: child beaten and kicked,"Three young people beat, kicked and insulted a twelve-year-old in the playground: once again there was a racist attack in Berlin.","Berlin-Hellersdorf: racist attack: child beaten and kicked Three young people beat, kicked and insulted a twelve-year-old in the playground: once again there was a racist attack in Berlin.",others,0.0,0
2019-02-12,2019-02,Tagesspiegel,Miscellaneous,LKA Berlin: Security span: Man roams around terrorist investigators,A 45-year-old has entered the authority via an unclosed security door - in an office of the terrorist and Islamist investigators of the LKA.,LKA Berlin: Security span: Man roams around terrorist investigators A 45-year-old has entered the authority via an unclosed security door - in an office of the terrorist and Islamist investigators of the LKA.,others,0.0,2
2019-02-12,2019-02,Tagesspiegel,Conflict & Protest,Violence in your own home: Why women's homes are so important,"Almost 15,000 cases of domestic violence are registered in Berlin every year. Those affected are difficult to escape – because, among other things, housing is missing.","Violence in your own home: Why women's homes are so important Almost 15,000 cases of domestic violence are registered in Berlin every year. Those affected are difficult to escape – because, among other things, housing is missing.",others,0.0,-1
2019-02-15,2019-02,fr.de,Conflict & Protest,Almost one in five children grows up in conflict areas,"420 million girls and boys are currently growing up in conflict areas. Over 100,000 babies die each year as a result of war. The worst is currently in Afghanistan, Yemen and South Sudan.","Almost one in five children grows up in conflict areas 420 million girls and boys are currently growing up in conflict areas. Over 100,000 babies die each year as a result of war. The worst is currently in Afghanistan, Yemen and South Sudan.",fear,0.0,1
2019-02-20,2019-02,Tagesspiegel,Miscellaneous,Kollwitz Prize for Hito Steyerl: Sharpen the Critical Mind with Art,"In her exhibition at the Academy of the Arts, the filmmaker analyses the entanglements between arms trade, war and art.","Kollwitz Prize for Hito Steyerl: Sharpen the Critical Mind with Art In her exhibition at the Academy of the Arts, the filmmaker analyses the entanglements between arms trade, war and art.",others,0.0,-1
2019-02-25,2019-02,Tagesspiegel,Miscellaneous,Illegal car races: Berlin police are getting tougher and harder against Raser,414 proceedings in 16 months: Police and justice are consistently fighting illegal car races in Berlin. Also with the help of data from the vehicles.,Illegal car races: Berlin police are getting tougher and harder against Raser 414 proceedings in 16 months: Police and justice are consistently fighting illegal car races in Berlin. Also with the help of data from the vehicles.,others,0.0,0
2019-02-27,2019-02,merkur.de,Conflict & Protest,Nuclear Powers in the Clinch: Pakistan Sets Indian Pilots,"Since an attack in Kashmir two weeks ago, the two nuclear powers India and Pakistan have been increasingly on a confrontational course. An Indian air strike is followed by a Pakistani. Pakistan has now captured an Indian fighter pilot.","Nuclear Powers in the Clinch: Pakistan Sets Indian Pilots Since an attack in Kashmir two weeks ago, the two nuclear powers India and Pakistan have been increasingly on a confrontational course. An Indian air strike is followed by a Pakistani. Pakistan has now captured an Indian fighter pilot.",others,0.0,-1
2019-02-27,2019-02,fr.de,Conflict & Protest,Nuclear Powers in the Clinch: Pakistan Sets Indian Pilots,"Since an attack in Kashmir two weeks ago, the two nuclear powers India and Pakistan have been increasingly on a confrontational course. An Indian air strike is followed by a Pakistani. Pakistan has now captured an Indian fighter pilot.","Nuclear Powers in the Clinch: Pakistan Sets Indian Pilots Since an attack in Kashmir two weeks ago, the two nuclear powers India and Pakistan have been increasingly on a confrontational course. An Indian air strike is followed by a Pakistani. Pakistan has now captured an Indian fighter pilot.",others,0.0,-1
2019-02-27,2019-02,tz.de,Conflict & Protest,Nuclear Powers in the Clinch: Pakistan Sets Indian Pilots,"Since an attack in Kashmir two weeks ago, the two nuclear powers India and Pakistan have been increasingly on a confrontational course. An Indian air strike is followed by a Pakistani. Pakistan has now captured an Indian fighter pilot.","Nuclear Powers in the Clinch: Pakistan Sets Indian Pilots Since an attack in Kashmir two weeks ago, the two nuclear powers India and Pakistan have been increasingly on a confrontational course. An Indian air strike is followed by a Pakistani. Pakistan has now captured an Indian fighter pilot.",others,0.0,-1
2019-03-05,2019-03,Tagesspiegel,Conflict & Protest,East Africa: How young Kenyans try to overcome tribalism,"Kenya is a fragmented country: the nation's 42 ethnic groups remain among themselves, which promotes corruption and regularly culminates in violence.","East Africa: How young Kenyans try to overcome tribalism Kenya is a fragmented country: the nation's 42 ethnic groups remain among themselves, which promotes corruption and regularly culminates in violence.",disgust,0.0,1
2019-03-06,2019-03,Tagesspiegel,Conflict & Protest,Sexual abuse in the GDR: The horror of Torgau,A study reveals the extent of sexual violence and abuse in homes and families in the GDR.,Sexual abuse in the GDR: The horror of Torgau A study reveals the extent of sexual violence and abuse in homes and families in the GDR.,others,0.0,-1
2019-03-06,2019-03,Tagesspiegel,Conflict & Protest,"Racist violence in Berlin: ""The perpetrators sometimes wear uniforms""","The number of extreme right-wing, racist and anti-Semitic attacks in Berlin has increased. Documentaries also see the guilt of parties and authorities.","Racist violence in Berlin: ""The perpetrators sometimes wear uniforms"" The number of extreme right-wing, racist and anti-Semitic attacks in Berlin has increased. Documentaries also see the guilt of parties and authorities.",disgust,0.0,0
2019-03-07,2019-03,RP ONLINE,Miscellaneous,Case Rebecca: Girls must not have left the brother-in-law's house,The 15-year-old Rebecca disappears and at the same time her brother-in-law drives through Brandenburg. Police and prosecution see him as a suspected perpetrator who killed the girl. But real evidence is not yet available.,Case Rebecca: Girls must not have left the brother-in-law's house The 15-year-old Rebecca disappears and at the same time her brother-in-law drives through Brandenburg. Police and prosecution see him as a suspected perpetrator who killed the girl. But real evidence is not yet available.,others,0.0,-1
2019-03-08,2019-03,Tagesspiegel,Conflict & Protest,Airport controllers: Verdi doesn't want another conflict,"Despite a negative vote of the members, the wage agreement for security personnel remains in place, but there is only more money later.","Airport controllers: Verdi doesn't want another conflict Despite a negative vote of the members, the wage agreement for security personnel remains in place, but there is only more money later.",others,0.0,-1
2019-03-08,2019-03,Tagesspiegel,Miscellaneous,Missed in Berlin: Search for Rebecca in the forest again without success,Berlin police looked for the missing Rebecca for two days in a forest near Storkow. But also on Friday it was said: Nothing was found.,Missed in Berlin: Search for Rebecca in the forest again without success Berlin police looked for the missing Rebecca for two days in a forest near Storkow. But also on Friday it was said: Nothing was found.,others,0.0,-1
2019-03-09,2019-03,Tagesspiegel,Conflict & Protest,"Protest against ""Gender nonsense"": This leads only to new dead ends","Alarmistically, the ""Verein Deutsche Sprache"" warns against gender. In fact, one should argue about it, but not so nationally charged. A comment.","Protest against ""Gender nonsense"": This leads only to new dead ends Alarmistically, the ""Verein Deutsche Sprache"" warns against gender. In fact, one should argue about it, but not so nationally charged. A comment.",others,0.0,-1
2019-03-09,2019-03,Tagesspiegel,Conflict & Protest,Protest against upload filters: Uprising of the generation Youtube,Upload filters and other censoring machines: Why the reform of EU copyright law is driving young people on the streets in particular to thousands.,Protest against upload filters: Uprising of the generation Youtube Upload filters and other censoring machines: Why the reform of EU copyright law is driving young people on the streets in particular to thousands.,others,0.0,0
2019-03-10,2019-03,Tagesspiegel,Conflict & Protest,"Series ""American Gods"" continues: God's Twilight","Violence, racism, sexism – the second season of the Amazon series ""American Gods"" has even more up-to-date references","Series ""American Gods"" continues: God's Twilight Violence, racism, sexism – the second season of the Amazon series ""American Gods"" has even more up-to-date references",others,0.0,-1
2019-03-10,2019-03,Tagesspiegel,Politics (Germany),Gender equality: How can we counteract the women's underspend in the Bundestag?,"The legislator must ensure equal opportunities for women in the election by means of quotas, but must not force parity of results in Parliament. A guest contribution.","Gender equality: How can we counteract the women's underspend in the Bundestag? The legislator must ensure equal opportunities for women in the election by means of quotas, but must not force parity of results in Parliament. A guest contribution.",others,0.0,0
2019-03-12,2019-03,Tagesspiegel,Miscellaneous,Berlin-Kreuzberg: Police use Taser against man,"With the help of a Taser, police overwhelmed a 34-year-old who had attacked his partner with a knife.","Berlin-Kreuzberg: Police use Taser against man With the help of a Taser, police overwhelmed a 34-year-old who had attacked his partner with a knife.",others,0.0,2
2019-03-12,2019-03,Tagesspiegel,Conflict & Protest,"Congress ""Focus Poetry"" : Rides on the syllable stallion","National Performance Show and Social Demonstration: Impressions from the Frankfurt Festival Congress ""Focus Lyricity"".","Congress ""Focus Poetry"" : Rides on the syllable stallion National Performance Show and Social Demonstration: Impressions from the Frankfurt Festival Congress ""Focus Lyricity"".",others,0.0,-1
2019-03-13,2019-03,Tagesspiegel,Miscellaneous,War in Syria: How An Activist Survived Assad's Torture Cellar,Syrian Ahmad Helmi has been abused for years in prisons. Now he fights to bring the perpetrators to justice – and tells his story.,War in Syria: How An Activist Survived Assad's Torture Cellar Syrian Ahmad Helmi has been abused for years in prisons. Now he fights to bring the perpetrators to justice – and tells his story.,others,0.0,1
2019-03-14,2019-03,Tagesspiegel,Miscellaneous,Eight years of war: What about Assad's Syria?,"On March 15, 2011, the uprising against Syria's rulers began. Although the war is decided militarily, peace is far away. An analysis.","Eight years of war: What about Assad's Syria? On March 15, 2011, the uprising against Syria's rulers began. Although the war is decided militarily, peace is far away. An analysis.",others,0.0,1
2019-03-14,2019-03,t-online.de,Miscellaneous,"The best binoculars for nature observations: Nikon, Bresser and Co.","Binoculars are a good choice for outdoor adventurers, hikers and hunters. We introduce you to the best binocular models and test winners.","The best binoculars for nature observations: Nikon, Bresser and Co. Binoculars are a good choice for outdoor adventurers, hikers and hunters. We introduce you to the best binocular models and test winners.",others,0.0,3
2019-03-14,2019-03,t-online.de,Miscellaneous,"Discover the best binoculars of Nikon, Bresser and Co. in comparison","Binoculars are a good choice for outdoor adventurers, hikers and hunters. We introduce you to the best binocular models and test winners.","Discover the best binoculars of Nikon, Bresser and Co. in comparison Binoculars are a good choice for outdoor adventurers, hikers and hunters. We introduce you to the best binocular models and test winners.",others,0.0,-1
2019-03-14,2019-03,Tagesspiegel,Conflict & Protest,BVG: Verdi strike hits the wrong people,"As expected, the bus drivers' warning strike is mainly affecting low-income people on the outskirts of the city, and it won't be the last.","BVG: Verdi strike hits the wrong people As expected, the bus drivers' warning strike is mainly affecting low-income people on the outskirts of the city, and it won't be the last.",fear,0.0,-1
2019-03-15,2019-03,Tagesspiegel,Miscellaneous,"Four years after ""Charlie Hebdo"": ""The man I was before the attack is dead""","He heard a bang. Then he saw his colleagues die on January 7, 2015. Now the ""Charlie Hebdo"" journalist Philippe Lançon has written a book.","Four years after ""Charlie Hebdo"": ""The man I was before the attack is dead"" He heard a bang. Then he saw his colleagues die on January 7, 2015. Now the ""Charlie Hebdo"" journalist Philippe Lançon has written a book.",sadness,-0.9659417271614075,-1
2019-03-15,2019-03,Tagesspiegel,Miscellaneous,"NRW Interior Minister Reul: ""There is no absolute protection, not even with us",North Rhine-Westphalia's Interior Minister Herbert Reul talks about the danger of imitations after the attack in New Zealand. An interview.,"NRW Interior Minister Reul: ""There is no absolute protection, not even with us North Rhine-Westphalia's Interior Minister Herbert Reul talks about the danger of imitations after the attack in New Zealand. An interview.",others,0.0,-1
2019-03-16,2019-03,Tagesspiegel,Miscellaneous,"Waleed Aly's speech on the attack in Christchurch: ""I wasn't shocked""","With an emotional TV address, the Australian moderator, Muslim and author Waleed Aly commented on the attacks of Christchurch. Here is the wording.","Waleed Aly's speech on the attack in Christchurch: ""I wasn't shocked"" With an emotional TV address, the Australian moderator, Muslim and author Waleed Aly commented on the attacks of Christchurch. Here is the wording.",others,0.0,1
2019-03-19,2019-03,Tagesspiegel,Miscellaneous,Attack in New Zealand: The Conspiracy Theory of the Death Protector,"The assassin of Christchurch published a ""Manifesto"" entitled ""The Great Exchange"". It refers to a thinker of the New Right.","Attack in New Zealand: The Conspiracy Theory of the Death Protector The assassin of Christchurch published a ""Manifesto"" entitled ""The Great Exchange"". It refers to a thinker of the New Right.",others,0.0,1
2019-03-21,2019-03,Tagesspiegel,Miscellaneous,"Gangs in Harry-Bresslau-Park: Young people crowd passers-by at ""Boulevard Berlin""","In Harry Bresslau Park, behind the Steglitz shopping centre, robbery, assault and sexual harassment were most recently reported.","Gangs in Harry-Bresslau-Park: Young people crowd passers-by at ""Boulevard Berlin"" In Harry Bresslau Park, behind the Steglitz shopping centre, robbery, assault and sexual harassment were most recently reported.",disgust,0.0,0
2019-03-23,2019-03,Tagesspiegel,Conflict & Protest,Article 13: European-wide protest against new copyright,"Proponents want to see the rights of creatives strengthened, critics speak of the ""end of the Internet"". Opponents of the reform make mobile on Saturday.","Article 13: European-wide protest against new copyright Proponents want to see the rights of creatives strengthened, critics speak of the ""end of the Internet"". Opponents of the reform make mobile on Saturday.",others,0.0,0
2019-03-23,2019-03,Tagesspiegel,Miscellaneous,Tempo 30 in Berlin: The police control the weekly rhythm,"There is too much traffic jam on Leipziger Straße for fast drivers. For this, the more flashes on other 30-tracks.","Tempo 30 in Berlin: The police control the weekly rhythm There is too much traffic jam on Leipziger Straße for fast drivers. For this, the more flashes on other 30-tracks.",others,0.0,0
2019-03-25,2019-03,Tagesspiegel,Miscellaneous,Seniors as victims of fraud: False police officers and grandchildren capture millions,"When the 110 calls, many think it's the police or a relative – and they're scammers.","Seniors as victims of fraud: False police officers and grandchildren capture millions When the 110 calls, many think it's the police or a relative – and they're scammers.",disgust,0.0,-1
2019-03-26,2019-03,Tagesspiegel,Miscellaneous,Theft: Berlin police search for high quality violin,A violin from 1769 was stolen in Berlin-Mitte. Landeskriminalamt asks for help in the search.,Theft: Berlin police search for high quality violin A violin from 1769 was stolen in Berlin-Mitte. Landeskriminalamt asks for help in the search.,others,0.0,3
2019-03-27,2019-03,Tagesspiegel,Miscellaneous,Fight between Hamas and Israel: Why the tradeoff is so risky,"Missile hail on Israel, retaliation against Hamas - is there a threat of a new war over the Gaza Strip? The most important questions and answers.","Fight between Hamas and Israel: Why the tradeoff is so risky Missile hail on Israel, retaliation against Hamas - is there a threat of a new war over the Gaza Strip? The most important questions and answers.",others,0.0,1
2019-03-29,2019-03,Tagesspiegel,Miscellaneous,Berlin artist searching for traces: What drives young people into extremism?,Berlin artist Henrike Naumann examines the radicalization of young people in the East. She wants to overcome clichés. An encounter.,Berlin artist searching for traces: What drives young people into extremism? Berlin artist Henrike Naumann examines the radicalization of young people in the East. She wants to overcome clichés. An encounter.,others,0.0,-1
2019-03-31,2019-03,Tagesspiegel,Miscellaneous,Police do not expect terror: four people stabbed in London,"He came from behind and hurt some of his victims severely by stabbing them, and the police assume that the perpetrator is mentally disturbed.","Police do not expect terror: four people stabbed in London He came from behind and hurt some of his victims severely by stabbing them, and the police assume that the perpetrator is mentally disturbed.",others,0.0,-1
2019-04-03,2019-04,EXPRESS,Miscellaneous,Cologne: 2300 Commissioner candidate sworn in Lanxess Arena,"Three, two, one and on ""Los"" a sea of white hats flew through the Lanxess Arena. 2300, to be exact. Because so many new candidates of the police NRW were officially ...","Cologne: 2300 Commissioner candidate sworn in Lanxess Arena Three, two, one and on ""Los"" a sea of white hats flew through the Lanxess Arena. 2300, to be exact. Because so many new candidates of the police NRW were officially ...",others,0.0,2
2019-04-03,2019-04,Tagesspiegel,Conflict & Protest,New film by Jean-Luc Godard: The Fight of the Eye with the Words,"Almost a legacy: Jean-Luc Godard's essay film ""Image book"" is a fireworks display of finished parts that evokes war, hatred and violence.","New film by Jean-Luc Godard: The Fight of the Eye with the Words Almost a legacy: Jean-Luc Godard's essay film ""Image book"" is a fireworks display of finished parts that evokes war, hatred and violence.",others,0.0,-1
2019-04-05,2019-04,Tagesspiegel,Conflict & Protest,"A change in protest culture: ""The pressure of the road"" continues to be the most powerful","Online movements are a growing trend. But real success only promises the analog, physically present protest of the broad mass. A comment.","A change in protest culture: ""The pressure of the road"" continues to be the most powerful Online movements are a growing trend. But real success only promises the analog, physically present protest of the broad mass. A comment.",others,0.0,0
2019-04-11,2019-04,Tagesspiegel,Miscellaneous,Razzia in right-wing extremes: the brown net of Cottbus is so dangerous,"Martial Arts, Ku-Klux-Klan-Hooligans, Organized Crime: The police searched offices and apartments, especially in Cottbus. The hard way has reasons.","Razzia in right-wing extremes: the brown net of Cottbus is so dangerous Martial Arts, Ku-Klux-Klan-Hooligans, Organized Crime: The police searched offices and apartments, especially in Cottbus. The hard way has reasons.",others,0.0,1
2019-04-11,2019-04,t-online.de,Miscellaneous,Car - Cannabis at the wheel: When does a driving ban come about?,What are the consequences of cannabis users having to reckon with when they are caught in the car by the police.,Car - Cannabis at the wheel: When does a driving ban come about? What are the consequences of cannabis users having to reckon with when they are caught in the car by the police.,others,0.0,-1
2019-04-11,2019-04,t-online.de,Miscellaneous,Car - Cannabis at the wheel: When does a driving ban come about?,What are the consequences of cannabis users having to reckon with when they are caught in the car by the police.,Car - Cannabis at the wheel: When does a driving ban come about? What are the consequences of cannabis users having to reckon with when they are caught in the car by the police.,others,0.0,-1
2019-04-11,2019-04,t-online.de,Miscellaneous,Cannabis at the wheel: When does a driving ban come about?,What are the consequences of cannabis users having to reckon with when they are caught in the car by the police.,Cannabis at the wheel: When does a driving ban come about? What are the consequences of cannabis users having to reckon with when they are caught in the car by the police.,others,0.0,-1
2019-04-15,2019-04,Tagesspiegel,Economy & Finance,European elections: Where is the flexible voting right for foreigners?,The number of people who are allowed to participate in the EU election in Berlin is shrinking. Foreigners should also vote - but only practice at local level. A comment.,European elections: Where is the flexible voting right for foreigners? The number of people who are allowed to participate in the EU election in Berlin is shrinking. Foreigners should also vote - but only practice at local level. A comment.,others,0.0,0
2019-04-15,2019-04,Tagesspiegel,Miscellaneous,Trauma research: The post-war war,The historian Miriam Gebhardt examines the consequences of mass rape after 1945.,Trauma research: The post-war war The historian Miriam Gebhardt examines the consequences of mass rape after 1945.,others,0.0,-1
2019-04-18,2019-04,noz.de - Neue Osnabrücker Zeitung,Conflict & Protest,"""Querdenker"" expect a big demo in Berlin despite a ban","""Querdenden"" had originally filed a large demonstration on the road of 17th June with 22,500 participants on 31st December. The initiative is considering bringing an action against the current ban on demonstrations.","""Querdenker"" expect a big demo in Berlin despite a ban ""Querdenden"" had originally filed a large demonstration on the road of 17th June with 22,500 participants on 31st December. The initiative is considering bringing an action against the current ban on demonstrations.",others,0.0,0
2019-04-24,2019-04,Tagesspiegel,Miscellaneous,Before 1 May in Berlin: Police must continue to report demo routes,"The police doubted the Berlin line: advance information about demos could restrict the right of assembly, but the internal administration intervenes.","Before 1 May in Berlin: Police must continue to report demo routes The police doubted the Berlin line: advance information about demos could restrict the right of assembly, but the internal administration intervenes.",others,0.0,0
2019-04-25,2019-04,Tagesspiegel,Conflict & Protest,Allegations of sexual harassment: Concertgebouw and Daniele Gatti agree,Reconciliation without Enlightenment: The Amsterdam Concertgebouworekst declares the conflict with its former principal conductor Daniele Gatti to be over.,Allegations of sexual harassment: Concertgebouw and Daniele Gatti agree Reconciliation without Enlightenment: The Amsterdam Concertgebouworekst declares the conflict with its former principal conductor Daniele Gatti to be over.,others,0.0,-1
2019-04-30,2019-04,Tagesspiegel,Miscellaneous,"War against Jews, Christians, Muslims: The Murderous Delusion against Spirituality","Synagogues, churches, mosques: Churches are increasingly being attacked. Jews, Christians, Muslims are becoming a community of potential victims.","War against Jews, Christians, Muslims: The Murderous Delusion against Spirituality Synagogues, churches, mosques: Churches are increasingly being attacked. Jews, Christians, Muslims are becoming a community of potential victims.",disgust,0.0,-1
2019-05-02,2019-05,Tagesspiegel,Miscellaneous,Peaceful May 1st in Berlin: The Revolution Failed Again,"The ""Revolutionary May 1st Demo"" wanted to reinvent itself in Berlin-Friedrichshain. But the police had everything under control. It remained largely peaceful.","Peaceful May 1st in Berlin: The Revolution Failed Again The ""Revolutionary May 1st Demo"" wanted to reinvent itself in Berlin-Friedrichshain. But the police had everything under control. It remained largely peaceful.",others,0.0,0
2019-05-08,2019-05,Tagesspiegel,Conflict & Protest,Berlin exercises for the terrorist case: What would trigger an attack on a factory in the hospital,"Machine gun, hand grenades – what to do when terrorists strike in Berlin? The health administration simulates an attack that responds to Helios' clinic.","Berlin exercises for the terrorist case: What would trigger an attack on a factory in the hospital Machine gun, hand grenades – what to do when terrorists strike in Berlin? The health administration simulates an attack that responds to Helios' clinic.",others,0.0,-1
2019-05-08,2019-05,Tagesspiegel,Conflict & Protest,Berlin exercises for the terrorist case: What would trigger an attack on a factory in the hospital,"Machine gun, hand grenades – what to do when terrorists strike in Berlin? The health administration simulates an attack that responds to Helios' clinic.","Berlin exercises for the terrorist case: What would trigger an attack on a factory in the hospital Machine gun, hand grenades – what to do when terrorists strike in Berlin? The health administration simulates an attack that responds to Helios' clinic.",others,0.0,-1
2019-05-10,2019-05,Tagesspiegel,Economy & Finance,Lightshow in Berlin to the EU election: Großer Bahnhof für Europa,"Until the election on 26 May, the main railway station shines in yellow and blue – part of a non-partisan campaign for an open Europe initiated by Martin Schulz.","Lightshow in Berlin to the EU election: Großer Bahnhof für Europa Until the election on 26 May, the main railway station shines in yellow and blue – part of a non-partisan campaign for an open Europe initiated by Martin Schulz.",others,0.0,0
2019-05-12,2019-05,EXPRESS,Miscellaneous,Police filmed a knife attack on the Hohenzolernring.,"The Cologne Rings were once again in the focus of crime. But this time the law enforcement officers were quickly on the spot. During the night to Sunday, the police forces in Cologne arrested two young men (22, 23) in the city centre. Pictures of the police cameras installed there prove that the two arrested at 5.15 am threatened two night owls (22, 23) with a knife in order to ...","Police filmed a knife attack on the Hohenzolernring. The Cologne Rings were once again in the focus of crime. But this time the law enforcement officers were quickly on the spot. During the night to Sunday, the police forces in Cologne arrested two young men (22, 23) in the city centre. Pictures of the police cameras installed there prove that the two arrested at 5.15 am threatened two night owls (22, 23) with a knife in order to ...",fear,0.0,2
2019-05-14,2019-05,Tagesspiegel,Conflict & Protest,"Mysteries about the Middle East Secret Plan: ""In the century deal no Palestinian state is planned","US President Trump is aiming for a major solution to the conflict between Israelis and Palestinians. However, a two-state variant is probably not on the agenda.","Mysteries about the Middle East Secret Plan: ""In the century deal no Palestinian state is planned US President Trump is aiming for a major solution to the conflict between Israelis and Palestinians. However, a two-state variant is probably not on the agenda.",others,0.0,1
2019-05-15,2019-05,RP ONLINE,Miscellaneous,TDFV Viersen: Video shows A-Youth hunting scenes on the SF Neersbroich,"For the A-youth of the TDFV Viersen everything seemed clear in the Kreisligaspiel against SF Neersbroich. 4:1 led the Viersener. But when the opponent turned the game, that was too much for some Viersener players. There were violent riots, as a video shows.","TDFV Viersen: Video shows A-Youth hunting scenes on the SF Neersbroich For the A-youth of the TDFV Viersen everything seemed clear in the Kreisligaspiel against SF Neersbroich. 4:1 led the Viersener. But when the opponent turned the game, that was too much for some Viersener players. There were violent riots, as a video shows.",others,0.0,-1
2019-05-15,2019-05,Tagesspiegel,Miscellaneous,A clan family as neighbors,"In a house in Spandau, a man and his wife are said to harass the neighbors. For years, nothing happened, now the police beat.","A clan family as neighbors In a house in Spandau, a man and his wife are said to harass the neighbors. For years, nothing happened, now the police beat.",disgust,0.0,-1
2019-05-16,2019-05,Tagesspiegel,Miscellaneous,"""Goldnest-Raub in Berlin's primary school: Police and prosecutor's office weather clan crime","The police searched several objects, from the stolen ""Goldnest"" no trace. Members of the R. family are said to have scouted the school before.","""Goldnest-Raub in Berlin's primary school: Police and prosecutor's office weather clan crime The police searched several objects, from the stolen ""Goldnest"" no trace. Members of the R. family are said to have scouted the school before.",others,0.0,3
2019-05-17,2019-05,merkur.de,Miscellaneous,Partenstein: Illegal Wardog Breeding: Man reveals himself to police,A man is controlled by the police - what he then discusses brings him into very big trouble.,Partenstein: Illegal Wardog Breeding: Man reveals himself to police A man is controlled by the police - what he then discusses brings him into very big trouble.,disgust,0.0,2
2019-05-17,2019-05,Tagesspiegel,Conflict & Protest,BKA reveals list: 17 victims of Islamist violence,"Islamists have killed 17 people in the Federal Republic since 2011, according to the BKA's response to a request from the Tagesspiegel.","BKA reveals list: 17 victims of Islamist violence Islamists have killed 17 people in the Federal Republic since 2011, according to the BKA's response to a request from the Tagesspiegel.",others,0.0,1
2019-05-17,2019-05,Tagesspiegel,Conflict & Protest,Protest against the death of refugees: Berlin's Molecule Man wore a life jacket,"In the Mediterranean, countless refugees die. In the middle of the Spree, activists protested in Berlin on Friday morning – and set a visible sign.","Protest against the death of refugees: Berlin's Molecule Man wore a life jacket In the Mediterranean, countless refugees die. In the middle of the Spree, activists protested in Berlin on Friday morning – and set a visible sign.",others,0.0,0
2019-05-17,2019-05,Tagesspiegel,Economy & Finance,The terror is hopeless against the party of the century,The ESC 2019 gives people in Tel Aviv the feeling that they are at least in the spirit of Europe. Hamas rockets do not change that either.,The terror is hopeless against the party of the century The ESC 2019 gives people in Tel Aviv the feeling that they are at least in the spirit of Europe. Hamas rockets do not change that either.,others,0.0,1
2019-05-18,2019-05,BILD,Miscellaneous,Iran Crisis: How Dangerous Is Trump's Security Advisor John Bolton?,The Americans haven't been so close to a new war in the Middle East for a long time. At the heart of the development: security advisor John Bolton.,Iran Crisis: How Dangerous Is Trump's Security Advisor John Bolton? The Americans haven't been so close to a new war in the Middle East for a long time. At the heart of the development: security advisor John Bolton.,others,0.0,-1
2019-05-21,2019-05,CHIP Online Deutschland,Miscellaneous,Samsung Galaxy S10 Plus vs. Apple iPhone XS Max: Smartphone giant compared,The choice is for fans of big smartphones between the Samsung Galaxy S10 Plus and the iPhone XS Max. Both smartphone giants also have a lot to offer under the hood. We'll show you which phone is right for you.,Samsung Galaxy S10 Plus vs. Apple iPhone XS Max: Smartphone giant compared The choice is for fans of big smartphones between the Samsung Galaxy S10 Plus and the iPhone XS Max. Both smartphone giants also have a lot to offer under the hood. We'll show you which phone is right for you.,others,0.0,-1
2019-05-21,2019-05,Tagesspiegel,Conflict & Protest,Conflict over Berliner Mietspiegel: Deutsche Wohnen does not give up,"In the fight for the Berlin Mietspiegel, the lawyer of the Deutsche Wohnen Rüge submitted to the district court. The tenant protection association speaks of a perfidious strategy.","Conflict over Berliner Mietspiegel: Deutsche Wohnen does not give up In the fight for the Berlin Mietspiegel, the lawyer of the Deutsche Wohnen Rüge submitted to the district court. The tenant protection association speaks of a perfidious strategy.",disgust,0.0,0
2019-05-21,2019-05,merkur.de,Miscellaneous,With charcoal or gas through the barbecue season?,"Some swear on charcoal, others favor gas. The spirits of the grill fans differ in the long-term burner. The choice depends on individual needs. Because there is no difference in taste.","With charcoal or gas through the barbecue season? Some swear on charcoal, others favor gas. The spirits of the grill fans differ in the long-term burner. The choice depends on individual needs. Because there is no difference in taste.",others,0.0,3
2019-05-22,2019-05,Tagesspiegel,Climate & Environment,"Climate interview with journalist Franz Alt: ""The dear God was not stupid","The theologian and journalist Franz Alt on the challenges of climate change, his book with the Dalai Lama – and why the EU election is a climate election.","Climate interview with journalist Franz Alt: ""The dear God was not stupid The theologian and journalist Franz Alt on the challenges of climate change, his book with the Dalai Lama – and why the EU election is a climate election.",others,0.0,-1
2019-05-23,2019-05,Tagesspiegel,Miscellaneous,"""Horror House of Spandau"": Now the prosecutor's office wants to take action against the clan family","For years, the police and prosecutor's office have done nothing against a clan family in Spandau.","""Horror House of Spandau"": Now the prosecutor's office wants to take action against the clan family For years, the police and prosecutor's office have done nothing against a clan family in Spandau.",others,0.0,-1
2019-05-23,2019-05,Tagesspiegel,Politics (Germany),"500,000 Berliners have already made their cross","As many Berliners as never have voted on the EU election by letter, but are the principles of free and secret elections still there?","500,000 Berliners have already made their cross As many Berliners as never have voted on the EU election by letter, but are the principles of free and secret elections still there?",others,0.0,0
2019-05-23,2019-05,STERN.de,Economy & Finance,Survivors: Terrorists tell of life after attacks in Europe,"In the star video project Survivors, survivors of terror in Europe tell how their lives have changed after the assassination.","Survivors: Terrorists tell of life after attacks in Europe In the star video project Survivors, survivors of terror in Europe tell how their lives have changed after the assassination.",others,0.0,1
2019-05-24,2019-05,merkur.de,Miscellaneous,Upper Franconia: Reichsbürger lives with children in underground bunkers for months,"Months ago, he was hiding with his two children: Now the police have arrested a 50-year-old Reich citizen in Upper Franconia - in an underground bunker.","Upper Franconia: Reichsbürger lives with children in underground bunkers for months Months ago, he was hiding with his two children: Now the police have arrested a 50-year-old Reich citizen in Upper Franconia - in an underground bunker.",disgust,0.0,2
2019-05-24,2019-05,RP ONLINE,Miscellaneous,"Wuppertal: Process around ""Scharia Police"" - Sven Lau relieves followers","In the new trial in the case of the Wuppertal ""Scharia Police"", former Salafist preacher Sven Lau testified on Friday as a witness. He is considered an initiator and said to regret the action at the time.","Wuppertal: Process around ""Scharia Police"" - Sven Lau relieves followers In the new trial in the case of the Wuppertal ""Scharia Police"", former Salafist preacher Sven Lau testified on Friday as a witness. He is considered an initiator and said to regret the action at the time.",others,0.0,-1
2019-05-24,2019-05,solinger-tageblatt.de,Miscellaneous,Dortmund: Gallery of Shame: Police Expose Accident Gaffer,They are a grievous subject and repeatedly hinder rescue workers at work: Gaffer. Dortmund police have enough now and publish pictures of the incredible scenes.,Dortmund: Gallery of Shame: Police Expose Accident Gaffer They are a grievous subject and repeatedly hinder rescue workers at work: Gaffer. Dortmund police have enough now and publish pictures of the incredible scenes.,disgust,0.0,-1
2019-05-24,2019-05,tz.de,Miscellaneous,Dortmund: Gallery of Shame: Police Expose Accident Gaffer,They are a grievous subject and repeatedly hinder rescue workers at work: Gaffer. Dortmund police have enough now and publish pictures of the incredible scenes.,Dortmund: Gallery of Shame: Police Expose Accident Gaffer They are a grievous subject and repeatedly hinder rescue workers at work: Gaffer. Dortmund police have enough now and publish pictures of the incredible scenes.,disgust,0.0,-1
2019-05-26,2019-05,Tagesspiegel,Economy & Finance,Election analysis on the EU election: Greens among voters below 60 strongest party,"CDU and CSU reach only 13 percent of voters under 30 years of age. For the first time, Europe plays a greater role in the election decision than federal politics.","Election analysis on the EU election: Greens among voters below 60 strongest party CDU and CSU reach only 13 percent of voters under 30 years of age. For the first time, Europe plays a greater role in the election decision than federal politics.",others,0.0,0
2019-05-27,2019-05,Tagesspiegel,Conflict & Protest,"""The Party"" at the European Election: Protest of the Privileged","""The Party"" is one of the winners of the European elections. That's not funny, because it operates its satire on the back of minorities. A comment.","""The Party"" at the European Election: Protest of the Privileged ""The Party"" is one of the winners of the European elections. That's not funny, because it operates its satire on the back of minorities. A comment.",others,0.0,0
2019-05-28,2019-05,Tagesspiegel,Miscellaneous,"Anne-Sophie Mother on the Yemen War: ""Stop the madness for a few seconds""","Anne-Sophie Mutter about her long-standing commitment, the benefit concert for Yemen and how music connects people.","Anne-Sophie Mother on the Yemen War: ""Stop the madness for a few seconds"" Anne-Sophie Mutter about her long-standing commitment, the benefit concert for Yemen and how music connects people.",others,0.0,-1
2019-05-30,2019-05,Tagesspiegel,Politics (Germany),"Trump confused with tweet: ""Russia helped me win the election""",US President Trump raised new questions in the Russia affair. He quickly withdrew a statement that Russia helped him win the election.,"Trump confused with tweet: ""Russia helped me win the election"" US President Trump raised new questions in the Russia affair. He quickly withdrew a statement that Russia helped him win the election.",others,0.0,-1
2019-05-31,2019-05,Tagesspiegel,Miscellaneous,"Berlin Police in Criticism: Police Students Sentenced for ""Sieg Heil-Rufen""",Two police students and a probationary officer were fined. Berlin police are not the first of their kind.,"Berlin Police in Criticism: Police Students Sentenced for ""Sieg Heil-Rufen"" Two police students and a probationary officer were fined. Berlin police are not the first of their kind.",others,0.0,0
2019-06-01,2019-06,Tagesspiegel,Politics (Germany),Separatists at the front of election: Belgium threatens to disintegrate into two parts,The parliamentary elections are giving a new boost to divisions. The country could be converted into a confederation of two states.,Separatists at the front of election: Belgium threatens to disintegrate into two parts The parliamentary elections are giving a new boost to divisions. The country could be converted into a confederation of two states.,others,0.0,0
2019-06-02,2019-06,Tagesspiegel,Miscellaneous,Safer on the go in the nightlife: A new bracelet should help against K.-o.-drops,The police don't know how many victims of K.-o. drops there are - the dark figure is high. A bracelet tests drinks on Liquid Ecstasy.,Safer on the go in the nightlife: A new bracelet should help against K.-o.-drops The police don't know how many victims of K.-o. drops there are - the dark figure is high. A bracelet tests drinks on Liquid Ecstasy.,others,0.0,-1
2019-06-05,2019-06,RP ONLINE,Miscellaneous,"RAF terrorists: Where are Daniela Klette, Ernst-Volker Staub and Burkhard Garweg?","For 30 years, the police have been looking for three former RAF terrorists who have been submerged. After several raids, the Landeskriminalamt Niedersachsen has now published new photos of the trio.","RAF terrorists: Where are Daniela Klette, Ernst-Volker Staub and Burkhard Garweg? For 30 years, the police have been looking for three former RAF terrorists who have been submerged. After several raids, the Landeskriminalamt Niedersachsen has now published new photos of the trio.",others,0.0,1
2019-06-05,2019-06,Tagesspiegel,Conflict & Protest,Mass protests in Prague: Tens of thousands demand the resignation of Prime Minister Babis,Czech leader is involved in a scandal about EU subsidies. Now the conflict is escalating - with Brussels and with the citizens.,Mass protests in Prague: Tens of thousands demand the resignation of Prime Minister Babis Czech leader is involved in a scandal about EU subsidies. Now the conflict is escalating - with Brussels and with the citizens.,others,0.0,0
2019-06-09,2019-06,Tagesspiegel,Politics (Germany),Presidential election in Central Asia: Kazakh succession,Kazakhstan receives its second president. It is not an actual election: permanent ruler Nazarbayev makes a loyal soldier his successor.,Presidential election in Central Asia: Kazakh succession Kazakhstan receives its second president. It is not an actual election: permanent ruler Nazarbayev makes a loyal soldier his successor.,others,0.0,0
2019-06-10,2019-06,Tagesspiegel,Conflict & Protest,No change in sight: Tokayev remains president in authoritarian-ruled Kazakhstan,"As expected, interim President Kassym-Schomart Tokayev won the election in Kazakhstan. Hundreds of people were arrested during protests.","No change in sight: Tokayev remains president in authoritarian-ruled Kazakhstan As expected, interim President Kassym-Schomart Tokayev won the election in Kazakhstan. Hundreds of people were arrested during protests.",others,0.0,-1
2019-06-11,2019-06,Tagesspiegel,Miscellaneous,Drugs in Berlin: Traffic School for Kids with Coke Police,"In Berlin, the police inform young people about drug abuse - one of these officials was caught with cocaine months ago.","Drugs in Berlin: Traffic School for Kids with Coke Police In Berlin, the police inform young people about drug abuse - one of these officials was caught with cocaine months ago.",others,0.0,-1
2019-06-11,2019-06,Tagesspiegel,Miscellaneous,Journalist released: Russian police drop allegations against Ivan Golunov,"A few days ago, journalist Ivan Golunov had been arrested in Moscow. He is to be released on Tuesday.","Journalist released: Russian police drop allegations against Ivan Golunov A few days ago, journalist Ivan Golunov had been arrested in Moscow. He is to be released on Tuesday.",others,0.0,-1
2019-06-11,2019-06,RP ONLINE,Miscellaneous,Alps: Police ends prematurely after Randale Disco in the Schützen tent,Drunks make trouble on the disco in the bachelor's tent. The fight with the police escalates. Only at 4 o'clock was peace on site.,Alps: Police ends prematurely after Randale Disco in the Schützen tent Drunks make trouble on the disco in the bachelor's tent. The fight with the police escalates. Only at 4 o'clock was peace on site.,others,0.0,0
2019-06-13,2019-06,Tagesspiegel,Conflict & Protest,Protests against new presidents: More than 600 arrests in elections in Kazakhstan,The demonstrations against the new President Tokayev were the largest in Kazakhstan in years. Much more people were arrested than known.,Protests against new presidents: More than 600 arrests in elections in Kazakhstan The demonstrations against the new President Tokayev were the largest in Kazakhstan in years. Much more people were arrested than known.,others,0.0,0
2019-06-16,2019-06,Tagesspiegel,Politics (Germany),Election as Mayor: Dane Madsen wins final election in Rostock,"For the first time in a German city, an EU foreigner will rule in the future: in Rostock, the partyless Dane Claus Ruhe Madsen wins the final election.","Election as Mayor: Dane Madsen wins final election in Rostock For the first time in a German city, an EU foreigner will rule in the future: in Rostock, the partyless Dane Claus Ruhe Madsen wins the final election.",others,0.0,0
2019-06-17,2019-06,Tagesspiegel,Conflict & Protest,"Statistics on firearms in Berlin: More than 50,000 weapons in Berlin's private property","More and more Berliners have a gun – at the end of 2018, more than 50,000 pistols and rifles were registered, but violence has been falling for years.","Statistics on firearms in Berlin: More than 50,000 weapons in Berlin's private property More and more Berliners have a gun – at the end of 2018, more than 50,000 pistols and rifles were registered, but violence has been falling for years.",others,0.0,-1
2019-06-20,2019-06,Tagesspiegel,Conflict & Protest,Right-wing extreme terror: alarm signal for democracy,Politicians and experts warn: Right-wing violence has reached a new quality in Germany. What makes extremists so threatening? Questions and answers.,Right-wing extreme terror: alarm signal for democracy Politicians and experts warn: Right-wing violence has reached a new quality in Germany. What makes extremists so threatening? Questions and answers.,others,0.0,-1
2019-06-21,2019-06,Tagesspiegel,Miscellaneous,"Rethinking Berlin's drug policy: ""We should find new ways to deal with small amounts of cocaine""","High-ranking drug traffickers demand: not only soft, but also hard drugs, there should be self-requirements, which would relieve police and justice.","Rethinking Berlin's drug policy: ""We should find new ways to deal with small amounts of cocaine"" High-ranking drug traffickers demand: not only soft, but also hard drugs, there should be self-requirements, which would relieve police and justice.",disgust,0.0,-1
2019-06-22,2019-06,Tagesspiegel,Miscellaneous,Police warns of life danger: Hundreds of climate activists storm open pit Garzweiler,Activists for an immediate coal exit make mobile. Over hours they occupy the RWE area. In the evening the police start clearing.,Police warns of life danger: Hundreds of climate activists storm open pit Garzweiler Activists for an immediate coal exit make mobile. Over hours they occupy the RWE area. In the evening the police start clearing.,fear,0.0,0
2019-06-23,2019-06,Tagesspiegel,Miscellaneous,Occupation at the Garzweiler open pit completed,"Hundreds of climate protection workers had stormed the Rhenish brown coal mine Garzweiler. During the evacuation, the police encountered resistance from the activists.","Occupation at the Garzweiler open pit completed Hundreds of climate protection workers had stormed the Rhenish brown coal mine Garzweiler. During the evacuation, the police encountered resistance from the activists.",others,0.0,0
2019-06-23,2019-06,Tagesspiegel,Miscellaneous,Shouting and door banging: Johnson over unanswered questions about quarreling with girlfriend in criticism,"Boris Johnson and his girlfriend get together, the police don't have to intervene, but politically the incident could have consequences.","Shouting and door banging: Johnson over unanswered questions about quarreling with girlfriend in criticism Boris Johnson and his girlfriend get together, the police don't have to intervene, but politically the incident could have consequences.",others,0.0,-1
2019-06-24,2019-06,fr.de,Politics (Germany),Istanbul election becomes a crackling slap for Erdogan,"The local politician Ekrem Imamoglu, unknown until a few weeks ago, wins the mayoral election in Istanbul - for the second time within three months. And this time surprisingly clear.","Istanbul election becomes a crackling slap for Erdogan The local politician Ekrem Imamoglu, unknown until a few weeks ago, wins the mayoral election in Istanbul - for the second time within three months. And this time surprisingly clear.",others,0.0,0
2019-06-24,2019-06,merkur.de,Politics (Germany),Istanbul election becomes a crackling slap for Erdogan,"The local politician Ekrem Imamoglu, unknown until a few weeks ago, wins the mayoral election in Istanbul - for the second time within three months. And this time surprisingly clear.","Istanbul election becomes a crackling slap for Erdogan The local politician Ekrem Imamoglu, unknown until a few weeks ago, wins the mayoral election in Istanbul - for the second time within three months. And this time surprisingly clear.",others,0.0,-1
2019-06-24,2019-06,tz.de,Politics (Germany),Istanbul election becomes a crackling slap for Erdogan,"The local politician Ekrem Imamoglu, unknown until a few weeks ago, wins the mayoral election in Istanbul - for the second time within three months. And this time surprisingly clear.","Istanbul election becomes a crackling slap for Erdogan The local politician Ekrem Imamoglu, unknown until a few weeks ago, wins the mayoral election in Istanbul - for the second time within three months. And this time surprisingly clear.",others,0.0,-1
2019-06-25,2019-06,Tagesspiegel,Politics (Germany),After the election in Istanbul: How the vote could change Turkey,On Sunday the AKP lost the mayoral election of Istanbul. The election could have an impact on many areas of politics. An overview.,After the election in Istanbul: How the vote could change Turkey On Sunday the AKP lost the mayoral election of Istanbul. The election could have an impact on many areas of politics. An overview.,fear,0.0,0
2019-06-25,2019-06,Tagesspiegel,Miscellaneous,SEC mission in Friedenau: Police shoot naked burglars,"A naked man breaks into a studio in Friedenau and threatens police with a knife, whereupon a policewoman fires a shot at the man.","SEC mission in Friedenau: Police shoot naked burglars A naked man breaks into a studio in Friedenau and threatens police with a knife, whereupon a policewoman fires a shot at the man.",others,0.0,2
2019-06-25,2019-06,Tagesspiegel,Conflict & Protest,"Polish-German family history: why so much violence, and so little love?","Age of Extremes: Writer Artur Becker goes in ""Drang nach Osten"" on the traces of his Polish-German grandparents.","Polish-German family history: why so much violence, and so little love? Age of Extremes: Writer Artur Becker goes in ""Drang nach Osten"" on the traces of his Polish-German grandparents.",others,0.0,-1
2019-06-26,2019-06,RP ONLINE,Miscellaneous,Munich: Eleven-year-old sexually abused by man with wolf mask,"An eleven-year-old girl was sexually abused by a man in Munich. According to the police, the perpetrator wore a wolf mask. He took the flight. Now the officers are searching for him.","Munich: Eleven-year-old sexually abused by man with wolf mask An eleven-year-old girl was sexually abused by a man in Munich. According to the police, the perpetrator wore a wolf mask. He took the flight. Now the officers are searching for him.",others,0.0,-1
2019-06-27,2019-06,Tagesspiegel,Miscellaneous,Man with Wolf Mask: Suspect caught after rape by eleven-year-olds,"Two days after the rape of an 11-year-old, the police arrested a suspect, the 43-year-old man wearing a wolf mask.","Man with Wolf Mask: Suspect caught after rape by eleven-year-olds Two days after the rape of an 11-year-old, the police arrested a suspect, the 43-year-old man wearing a wolf mask.",others,0.0,-1
2019-06-27,2019-06,Tagesspiegel,Politics (Germany),"""Blood & Honour"" and ""Combat 18"": Canada puts right-wing extremist groups on a terrorist list",The Canadian government is intensifying its fight against neo-Nazis. The trigger was also the right-wing attack on mosques in New Zealand's Christchurch.,"""Blood & Honour"" and ""Combat 18"": Canada puts right-wing extremist groups on a terrorist list The Canadian government is intensifying its fight against neo-Nazis. The trigger was also the right-wing attack on mosques in New Zealand's Christchurch.",others,0.0,-1
2019-06-28,2019-06,Tagesspiegel,Miscellaneous,"50 years of Stonewall Uprising: ""I felt pride for the first time""","For Ginny Apuzzo, the ""Stonewall"" riots were a turning point in her life. Since then, she has been fighting for the rights of homosexuals.","50 years of Stonewall Uprising: ""I felt pride for the first time"" For Ginny Apuzzo, the ""Stonewall"" riots were a turning point in her life. Since then, she has been fighting for the rights of homosexuals.",others,0.0,-1
2019-06-28,2019-06,Tagesspiegel,Miscellaneous,"""Chemical Revolution: Police shut down the largest German drug online shop","Ecstasy and amphetamine, heroin, cocaine and cannabis for worldwide shipping: A 26-year-old is said to have sold drugs in a large-scale fashion for almost two years.","""Chemical Revolution: Police shut down the largest German drug online shop Ecstasy and amphetamine, heroin, cocaine and cannabis for worldwide shipping: A 26-year-old is said to have sold drugs in a large-scale fashion for almost two years.",others,0.0,-1
2019-07-01,2019-07,Tagesspiegel,Miscellaneous,Police take tear gas against Istanbul Pride,Thousands of people have demonstrated in Istanbul despite the ban on the rights of homosexuals. The police used tear gas against the demonstrators.,Police take tear gas against Istanbul Pride Thousands of people have demonstrated in Istanbul despite the ban on the rights of homosexuals. The police used tear gas against the demonstrators.,others,0.0,0
2019-07-02,2019-07,Tagesspiegel,Miscellaneous,Orientation Courses in Berlin: Without Pressure to the University,"Studying, but what exactly? A one-year orientation course can help high school graduates choose. In Berlin, TU and FU offer appropriate programs.","Orientation Courses in Berlin: Without Pressure to the University Studying, but what exactly? A one-year orientation course can help high school graduates choose. In Berlin, TU and FU offer appropriate programs.",others,0.0,-1
2019-07-03,2019-07,RP ONLINE,Miscellaneous,Report: Second death after Taser operation of the police in Hesse,"A second death could have occurred in Hesse as a result of a Taser operation. This occurred already in January, but had not become publicly known.","Report: Second death after Taser operation of the police in Hesse A second death could have occurred in Hesse as a result of a Taser operation. This occurred already in January, but had not become publicly known.",others,0.0,2
2019-07-03,2019-07,t-online.de,Politics (Germany),"Eight drives in check, part 2: This engine is the best for you","Connoisseurs swear on car gas as a cheap fuel alternative. But what disadvantages do you buy with? Is the conversion worthwhile? Or which drive is an even better choice? Selection, costs, disadvantages in check.","Eight drives in check, part 2: This engine is the best for you Connoisseurs swear on car gas as a cheap fuel alternative. But what disadvantages do you buy with? Is the conversion worthwhile? Or which drive is an even better choice? Selection, costs, disadvantages in check.",others,0.0,3
2019-07-03,2019-07,t-online.de,Politics (Germany),Gasoline and Diesel: This engine is the best for you - the big check,"Despite all the alternatives: gasoline and diesel are still the first choice of the Germans. What advantages and disadvantages do the drives have? Selection, costs, range at a glance.","Gasoline and Diesel: This engine is the best for you - the big check Despite all the alternatives: gasoline and diesel are still the first choice of the Germans. What advantages and disadvantages do the drives have? Selection, costs, range at a glance.",others,0.0,3
2019-07-03,2019-07,RP ONLINE,Miscellaneous,Hagen: Workers Find Human Bones - Police Examining Connection,Workers found human bones near Hagen Central Station on Tuesday. Now the police are investigating a connection to a skull discovery in 2016.,Hagen: Workers Find Human Bones - Police Examining Connection Workers found human bones near Hagen Central Station on Tuesday. Now the police are investigating a connection to a skull discovery in 2016.,others,0.0,-1
2019-07-04,2019-07,Tagesspiegel,Miscellaneous,"Third season of ""Stranger Things"": The Horror of puberty","In the third season of the Netflix series, ""Stranger Things"" is not only being fought against monsters. The Cold War also plays a role.","Third season of ""Stranger Things"": The Horror of puberty In the third season of the Netflix series, ""Stranger Things"" is not only being fought against monsters. The Cold War also plays a role.",others,0.0,-1
2019-07-05,2019-07,t-online.de,Miscellaneous,Police control on private property: Is that allowed?,Can the police also carry out an alcohol check on your private property?,Police control on private property: Is that allowed? Can the police also carry out an alcohol check on your private property?,others,0.0,-1
2019-07-05,2019-07,Tagesspiegel,Conflict & Protest,Pegida statements on the Lübcke murder: Procuratorate initiates criminal approval proceedings,Participants of the Pegida demonstration in Dresden justify the murder of Walter Lübcke in the ARD. Now the judiciary is active.,Pegida statements on the Lübcke murder: Procuratorate initiates criminal approval proceedings Participants of the Pegida demonstration in Dresden justify the murder of Walter Lübcke in the ARD. Now the judiciary is active.,others,0.0,1
2019-07-06,2019-07,Tagesspiegel,Miscellaneous,"""Death lists"" of right-wing extremists: ""Northern Cross"" collected 25,000 addresses of political opponents",Right-wing extremists have apparently prepared for the murder of leftists who are committed to refugees. Traces lead to police and the Bundeswehr.,"""Death lists"" of right-wing extremists: ""Northern Cross"" collected 25,000 addresses of political opponents Right-wing extremists have apparently prepared for the murder of leftists who are committed to refugees. Traces lead to police and the Bundeswehr.",others,0.0,1
2019-07-08,2019-07,Tagesspiegel,Conflict & Protest,"""The Third Enlightenment by Michael Hampe: Wanting to dare knowledge","Educational offensive to avoid violence: Michael Hampe tries in his book ""The Third Enlightenment"" to redefinition of philosophy.","""The Third Enlightenment by Michael Hampe: Wanting to dare knowledge Educational offensive to avoid violence: Michael Hampe tries in his book ""The Third Enlightenment"" to redefinition of philosophy.",others,0.0,-1
2019-07-10,2019-07,Tagesspiegel,Miscellaneous,"Right terror: ""Revolution Chemnitz"" had access to 24,300 data from left and punks","Right hackers captured a list of names and addresses of the antifa scene in 2015. The terrorist group ""Revolution Chemnitz"" also got access.","Right terror: ""Revolution Chemnitz"" had access to 24,300 data from left and punks Right hackers captured a list of names and addresses of the antifa scene in 2015. The terrorist group ""Revolution Chemnitz"" also got access.",others,0.0,1
2019-07-14,2019-07,Tagesspiegel,Politics (Germany),"Historian Winkler on the election of the Leyens: ""It is high time for the SPD to correct itself","The SPD blockade against Ursula von der Leyen leads to a dead end, says historian Heinrich August Winkler. This is very dangerous. An interview.","Historian Winkler on the election of the Leyens: ""It is high time for the SPD to correct itself The SPD blockade against Ursula von der Leyen leads to a dead end, says historian Heinrich August Winkler. This is very dangerous. An interview.",fear,0.0,0
2019-07-15,2019-07,Tagesspiegel,Conflict & Protest,Violence at the edge of the pool: Does Berlin need a swimming pool police?,"In Berlin's swimming pools, private companies are increasingly taking care of security and conflict resolution. This is what the FDP wants to change.","Violence at the edge of the pool: Does Berlin need a swimming pool police? In Berlin's swimming pools, private companies are increasingly taking care of security and conflict resolution. This is what the FDP wants to change.",disgust,0.0,0
2019-07-15,2019-07,merkur.de,Miscellaneous,What to do after a move,"With the transport of furniture and household supplies to the new apartment, a move is far from complete. Some work can only be started now.","What to do after a move With the transport of furniture and household supplies to the new apartment, a move is far from complete. Some work can only be started now.",others,0.0,0
2019-07-17,2019-07,t-online.de,Miscellaneous,Pillows against back pain - How to sleep healthy and relaxing,"If you want to sleep restfully, you should think about choosing your pillow, because big and soft doesn't necessarily have to be healthy.","Pillows against back pain - How to sleep healthy and relaxing If you want to sleep restfully, you should think about choosing your pillow, because big and soft doesn't necessarily have to be healthy.",others,0.0,-1
2019-07-17,2019-07,t-online.de,Miscellaneous,Healthy sleep: cushions for back pain - what you should pay attention to,"If you want to sleep restfully, you should think about choosing your pillow, because big and soft doesn't necessarily have to be healthy.","Healthy sleep: cushions for back pain - what you should pay attention to If you want to sleep restfully, you should think about choosing your pillow, because big and soft doesn't necessarily have to be healthy.",others,0.0,-1
2019-07-17,2019-07,t-online.de,Miscellaneous,Pillows against back pain - How to sleep healthy and relaxing,"If you want to sleep restfully, you should think about choosing your pillow, because big and soft doesn't necessarily have to be healthy.","Pillows against back pain - How to sleep healthy and relaxing If you want to sleep restfully, you should think about choosing your pillow, because big and soft doesn't necessarily have to be healthy.",others,0.0,-1
2019-07-19,2019-07,STERN.de,Miscellaneous,"Podcast ""Survivors"": Chloé De Bacco and Mehdi Zaidi survived attack",On the same evening they are hit by bullets from the assassins in different places and later become a couple. Chloé and Mehdi: a love that overcomes terror.,"Podcast ""Survivors"": Chloé De Bacco and Mehdi Zaidi survived attack On the same evening they are hit by bullets from the assassins in different places and later become a couple. Chloé and Mehdi: a love that overcomes terror.",others,0.0,1
2019-07-20,2019-07,solinger-tageblatt.de,Miscellaneous,Police receive more than 20 references to Ricarda L.,The 28-year-old was last seen in April.,Police receive more than 20 references to Ricarda L. The 28-year-old was last seen in April.,others,0.0,3
2019-07-22,2019-07,WELT,Miscellaneous,"Jane Birkin: Of all people, a British woman shaped the typical French look","Ruffled hair, breath-free blouses, flat shoes: Jane Birkin is considered the most important fashion icon of all time. But why did everything look and look so much easier with the choice French woman? A style analysis.","Jane Birkin: Of all people, a British woman shaped the typical French look Ruffled hair, breath-free blouses, flat shoes: Jane Birkin is considered the most important fashion icon of all time. But why did everything look and look so much easier with the choice French woman? A style analysis.",others,0.0,-1
2019-07-23,2019-07,Tagesspiegel,Politics (Germany),Danger to U.S. election?: 70 000 misguided votes,"""Cambridge Analytica's Big Hack"": A Netflix documentary warns of repeated attempts at manipulation in a US presidential election.","Danger to U.S. election?: 70 000 misguided votes ""Cambridge Analytica's Big Hack"": A Netflix documentary warns of repeated attempts at manipulation in a US presidential election.",others,0.0,-1
2019-07-29,2019-07,RP ONLINE,Miscellaneous,Riots: Video surveillance in the Rheinbad in Düsseldorf,"A number of measures are intended to prevent riots in the Düsseldorf outdoor pool. Mayor Geisel, however, had to admit that the tumult on Friday was not as violent as described.","Riots: Video surveillance in the Rheinbad in Düsseldorf A number of measures are intended to prevent riots in the Düsseldorf outdoor pool. Mayor Geisel, however, had to admit that the tumult on Friday was not as violent as described.",others,0.0,0
2019-07-29,2019-07,Tagesspiegel,Miscellaneous,The refugee was shot in 2016: Was Hussein really armed?,"The police shot Iraqi refugee Hussein three years ago – at that time it was said he was armed, but there are doubts about that.","The refugee was shot in 2016: Was Hussein really armed? The police shot Iraqi refugee Hussein three years ago – at that time it was said he was armed, but there are doubts about that.",others,0.0,1
2019-07-29,2019-07,Tagesspiegel,Conflict & Protest,"Violence in Berlin's outdoor swimming pools: ""Here meet those who have a house ban""","Again and again there is trouble in Berlin's outdoor pools. The project ""Cool by the pool"" is meant to prevent this. A visit to conflict controllers in Pankow and Neukölln.","Violence in Berlin's outdoor swimming pools: ""Here meet those who have a house ban"" Again and again there is trouble in Berlin's outdoor pools. The project ""Cool by the pool"" is meant to prevent this. A visit to conflict controllers in Pankow and Neukölln.",others,0.0,0
2019-07-30,2019-07,Tagesspiegel,Miscellaneous,Russia puzzles the West: From the Old to the New Cold War,Horst M. Teltschik draws the lessons from overcoming the old system confrontation between East and West.,Russia puzzles the West: From the Old to the New Cold War Horst M. Teltschik draws the lessons from overcoming the old system confrontation between East and West.,others,0.0,-1
2019-08-01,2019-08,Tagesspiegel,Miscellaneous,Track attack on Frankfurt Hauptbahnhof: Expert to psychiatrically assess suspected perpetrators,How did it happen that a boy died at Frankfurt Central Station? An expert will talk to the man suspected of murder.,Track attack on Frankfurt Hauptbahnhof: Expert to psychiatrically assess suspected perpetrators How did it happen that a boy died at Frankfurt Central Station? An expert will talk to the man suspected of murder.,others,0.0,2
2019-08-03,2019-08,Tagesspiegel,Miscellaneous,Poison attack on Sergei Skripal: USA announces new sanctions against Russia,The attack on ex-agent Skripal is still burdening the US's relations with Russia. The new sanctions are to take Russian financial operations.,Poison attack on Sergei Skripal: USA announces new sanctions against Russia The attack on ex-agent Skripal is still burdening the US's relations with Russia. The new sanctions are to take Russian financial operations.,others,0.0,-1
2019-08-08,2019-08,Tagesspiegel,Miscellaneous,Riots in Kyrgyzstan: Ex-President Atambayev arrested,"Stones fly, a thousand policemen in action: The arrest of Kyrgyzstan's ex-president ends in a street battle. He is accused of corruption.","Riots in Kyrgyzstan: Ex-President Atambayev arrested Stones fly, a thousand policemen in action: The arrest of Kyrgyzstan's ex-president ends in a street battle. He is accused of corruption.",others,0.0,0
2019-08-08,2019-08,Tagesspiegel,Economy & Finance,Council of Europe reprimands Germany: Bundestag does too little in the fight against corruption,"The Council of Europe accuses the Bundestag of failing to implement recommendations on the prevention of confiscation of members of parliament, which is ""generally unsatisfactory"".","Council of Europe reprimands Germany: Bundestag does too little in the fight against corruption The Council of Europe accuses the Bundestag of failing to implement recommendations on the prevention of confiscation of members of parliament, which is ""generally unsatisfactory"".",others,0.0,-1
2019-08-09,2019-08,Tagesspiegel,Economy & Finance,Rejection of the Council of Europe: What the corruption experts demand from the Bundestag,"Parliament does not do enough to prevent corruption, say Council of Europe corruption experts.","Rejection of the Council of Europe: What the corruption experts demand from the Bundestag Parliament does not do enough to prevent corruption, say Council of Europe corruption experts.",disgust,0.0,-1
2019-08-09,2019-08,Tagesspiegel,Miscellaneous,"Atomic bombs on Hiroshima and Nagasaki: murder remains murder, even in war","74 years ago, the United States set off nuclear bombs on Hiroshima and Nagasaki, targeting civilians, a war crime, a comment.","Atomic bombs on Hiroshima and Nagasaki: murder remains murder, even in war 74 years ago, the United States set off nuclear bombs on Hiroshima and Nagasaki, targeting civilians, a war crime, a comment.",disgust,0.0,1
2019-08-10,2019-08,Tagesspiegel,Conflict & Protest,Persistent protests in Russia: Putin's most severe crisis,Tens of thousands are once again demonstrating in Moscow for free and just elections. Police arrest Kremlin critic Navalny's confidant before the rally.,Persistent protests in Russia: Putin's most severe crisis Tens of thousands are once again demonstrating in Moscow for free and just elections. Police arrest Kremlin critic Navalny's confidant before the rally.,others,0.0,0
2019-08-12,2019-08,Tagesspiegel,Miscellaneous,"Nine minutes of waiting at 110: The Berlin police ask: ""Don't hang up!","He hung on hold for nine minutes, then the call was canceled under 110. Reconstruction of an emergency call at the Berlin police station.","Nine minutes of waiting at 110: The Berlin police ask: ""Don't hang up! He hung on hold for nine minutes, then the call was canceled under 110. Reconstruction of an emergency call at the Berlin police station.",others,0.0,0
2019-08-14,2019-08,DER SPIEGEL,Conflict & Protest,China-Taiwan Conflict: How the Island of Kinmen became a battlefield,"Kinmen is located directly off China's coast, but belongs to Taiwan. Once there was martial law, the inhabitants lived isolated – many feel close to the People's Republic. Our author visited the sunken island in 2019.","China-Taiwan Conflict: How the Island of Kinmen became a battlefield Kinmen is located directly off China's coast, but belongs to Taiwan. Once there was martial law, the inhabitants lived isolated – many feel close to the People's Republic. Our author visited the sunken island in 2019.",others,0.0,-1
2019-08-15,2019-08,Tagesspiegel,Conflict & Protest,Protest of the building cleaners: cleaners demand their share of shiny shops,"For months, the industry has been arguing with trade unions about better working conditions. Many of the 38,000 employees have a migrant background.","Protest of the building cleaners: cleaners demand their share of shiny shops For months, the industry has been arguing with trade unions about better working conditions. Many of the 38,000 employees have a migrant background.",others,0.0,0
2019-08-15,2019-08,Tagesspiegel,Miscellaneous,Barbara Slowik is now being guarded: Intrusion attempt at Berlin's police president,"Not only is the Berlin police breaking in, but the head of the authorities, Barbara Slovik, was now affected. Now, employees are guarding her house.","Barbara Slowik is now being guarded: Intrusion attempt at Berlin's police president Not only is the Berlin police breaking in, but the head of the authorities, Barbara Slovik, was now affected. Now, employees are guarding her house.",others,0.0,-1
2019-08-17,2019-08,Tagesspiegel,Miscellaneous,"""Invasion would be a disaster: The Kurds' fear of Turkish invasion of Syria",It looked as if the war in Syria could soon end. Now the Turkish president threatens the Kurds with an invasion there – they excavat trenches.,"""Invasion would be a disaster: The Kurds' fear of Turkish invasion of Syria It looked as if the war in Syria could soon end. Now the Turkish president threatens the Kurds with an invasion there – they excavat trenches.",fear,0.0,1
2019-08-18,2019-08,Berliner Zeitung,Miscellaneous,Animal of the day : Too good for the police: Rottweiler Balou is retired,"The young dog may have been unsuitable for training as a police dog in Bremerhaven, but he still did everything right.","Animal of the day : Too good for the police: Rottweiler Balou is retired The young dog may have been unsuitable for training as a police dog in Bremerhaven, but he still did everything right.",others,0.0,2
2019-08-18,2019-08,STERN.de,Miscellaneous,Ebay Classifieds: The police warn against this Paypal scam,"At Ebay classified ads, the goods are often paid via Paypal. What many do not know: a wrong click, and you stand alone in the case of fraud. We explain what you need to pay attention to.","Ebay Classifieds: The police warn against this Paypal scam At Ebay classified ads, the goods are often paid via Paypal. What many do not know: a wrong click, and you stand alone in the case of fraud. We explain what you need to pay attention to.",others,0.0,3
2019-08-19,2019-08,Tagesspiegel,Conflict & Protest,Protest against DFB Presidents Designated: A Positive Dispute Culture Does Not Exist,The DFB is encrusted – this is shown by the way in which the presidential election takes place. A position from Berlin football.,Protest against DFB Presidents Designated: A Positive Dispute Culture Does Not Exist The DFB is encrusted – this is shown by the way in which the presidential election takes place. A position from Berlin football.,others,0.0,0
2019-08-22,2019-08,Tagesspiegel,Miscellaneous,New law comes into force: Berlin police are allowed to enter asylum homes for deportations again,"A new law allows the police to enter refugee homes – without a search warrant. However, hostages and Breitenbach are not unanimous.","New law comes into force: Berlin police are allowed to enter asylum homes for deportations again A new law allows the police to enter refugee homes – without a search warrant. However, hostages and Breitenbach are not unanimous.",others,0.0,0
2019-08-22,2019-08,RP ONLINE,Politics (Germany),Germany's Next Top Model: Sayana Ranjan is Miss Galaxy 2019,"Sayana Ranjan from Grevenbroich was the finalist for ""Germany""s next top model. Now the 21-year-old student in the Düsseldorfer Steigenberger-Hotel was named winner in the final of the ""Miss Galaxy"" election.","Germany's Next Top Model: Sayana Ranjan is Miss Galaxy 2019 Sayana Ranjan from Grevenbroich was the finalist for ""Germany""s next top model. Now the 21-year-old student in the Düsseldorfer Steigenberger-Hotel was named winner in the final of the ""Miss Galaxy"" election.",others,0.0,-1
2019-08-23,2019-08,Tagesspiegel,Miscellaneous,From Rattle to Abbado: Petrenko and his predecessors with the Philharmonic,The Berliner Philharmoniker was always at risk when choosing their principal conductors. A look at Kirill Petrenko - and those who came before him.,From Rattle to Abbado: Petrenko and his predecessors with the Philharmonic The Berliner Philharmoniker was always at risk when choosing their principal conductors. A look at Kirill Petrenko - and those who came before him.,others,0.0,-1
2019-08-23,2019-08,Tagesspiegel,Miscellaneous,"Interview with conductor Christoph Eschenbach: ""I have saved my life from music","He doesn't want to kick his musicians, he wants to inspire them. Christoph Eschenbach about the rush of a concert and his first word after the war.","Interview with conductor Christoph Eschenbach: ""I have saved my life from music He doesn't want to kick his musicians, he wants to inspire them. Christoph Eschenbach about the rush of a concert and his first word after the war.",others,0.0,-1
2019-08-23,2019-08,RP ONLINE,Miscellaneous,Düsseldorf: Why the police can't deport intensive offenders,"Minister of the Interior Seehofer insists that only federal police accompany deportations. Although there is not enough of this at the moment, the state police must not step in.","Düsseldorf: Why the police can't deport intensive offenders Minister of the Interior Seehofer insists that only federal police accompany deportations. Although there is not enough of this at the moment, the state police must not step in.",others,0.0,0
2019-08-23,2019-08,Tagesspiegel,Economy & Finance,80 years of Hitler-Stalin Pact: The Soviet Union had the choice,"Hitler and Stalin divided Europe among themselves in 1939, which regulated a secret supplementary document of the non-aggression treaty. Now the original was published.","80 years of Hitler-Stalin Pact: The Soviet Union had the choice Hitler and Stalin divided Europe among themselves in 1939, which regulated a secret supplementary document of the non-aggression treaty. Now the original was published.",others,0.0,-1
2019-08-26,2019-08,Tagesspiegel,Miscellaneous,Anniversary of the German raid on Poland: MPs call for a memorial in Berlin for Polish Nazi victims,"In the centre of Berlin, the Polish victims of war and German occupation are to be reminded of. 240 members of the Bundestag demand this in a call.","Anniversary of the German raid on Poland: MPs call for a memorial in Berlin for Polish Nazi victims In the centre of Berlin, the Polish victims of war and German occupation are to be reminded of. 240 members of the Bundestag demand this in a call.",sadness,-0.6352153420448303,-1
2019-08-30,2019-08,Derwesten.de,Miscellaneous,A3/Erkrath: Worse accident at rest area,Dramatic pictures of the A3 in NRW: On the night of Thursday to Friday there was a serious accident on the motorway near Erkrath in the direction of Cologne. The police have a first suspicion.,A3/Erkrath: Worse accident at rest area Dramatic pictures of the A3 in NRW: On the night of Thursday to Friday there was a serious accident on the motorway near Erkrath in the direction of Cologne. The police have a first suspicion.,others,0.0,2
2019-08-31,2019-08,Tagesspiegel,Conflict & Protest,Companies against works councils: Codetermination? Then we just close,"In Berlin, a hostel closes because the employees are pushing too much for participation. This conflict is not an isolated case.","Companies against works councils: Codetermination? Then we just close In Berlin, a hostel closes because the employees are pushing too much for participation. This conflict is not an isolated case.",others,0.0,0
2019-09-01,2019-09,Tagesspiegel,Conflict & Protest,Israel against Hezbollah: So high is the danger of war,The Shiite militia Hezbollah threatens Israel - and now fires rockets at the Jewish state. Is the conflict out of control?,Israel against Hezbollah: So high is the danger of war The Shiite militia Hezbollah threatens Israel - and now fires rockets at the Jewish state. Is the conflict out of control?,others,0.0,1
2019-09-01,2019-09,Tagesspiegel,Miscellaneous,"Herfried Münkler in an interview: ""There will be no world without war.""",Little has the awareness of the Germans more shaped than the world war they began 80 years ago. How does the country deal with military power today?,"Herfried Münkler in an interview: ""There will be no world without war."" Little has the awareness of the Germans more shaped than the world war they began 80 years ago. How does the country deal with military power today?",others,0.0,-1
2019-09-02,2019-09,Tagesspiegel,Miscellaneous,Origin of Suspects: The Reul Rule Is Thoughtless,"The police in NRW will report the origin of suspects in the future. Facts are facts, it says. But that is too easy. A comment.","Origin of Suspects: The Reul Rule Is Thoughtless The police in NRW will report the origin of suspects in the future. Facts are facts, it says. But that is too easy. A comment.",others,0.0,-1
2019-09-03,2019-09,merkur.de,Miscellaneous,Instagram: More and more accounts are being hacked - what helps with an attack,"Not only celebrities like singer Sasha are victims of Instagram hacks. Private accounts are also being hacked more and more often, but everyone can counteract this.","Instagram: More and more accounts are being hacked - what helps with an attack Not only celebrities like singer Sasha are victims of Instagram hacks. Private accounts are also being hacked more and more often, but everyone can counteract this.",others,0.0,-1
2019-09-06,2019-09,Tagesspiegel,Miscellaneous,Shots on the Tempelhofer field a year ago : Murderer of Nidal R. still not caught,"It was one of the most spectacular murders in the Berlin clan scene - many witnesses, a well-known victim. The police still did not capture the perpetrator.","Shots on the Tempelhofer field a year ago : Murderer of Nidal R. still not caught It was one of the most spectacular murders in the Berlin clan scene - many witnesses, a well-known victim. The police still did not capture the perpetrator.",others,0.0,-1
2019-09-11,2019-09,Tagesspiegel,Miscellaneous,"Joshua Wong appeals to the Germans: ""Hong Kong is the new Berlin""",The Hong Kong activist has already met Foreign Minister Heiko Maas. Now he demands that Germany no longer equip the police of his hometown.,"Joshua Wong appeals to the Germans: ""Hong Kong is the new Berlin"" The Hong Kong activist has already met Foreign Minister Heiko Maas. Now he demands that Germany no longer equip the police of his hometown.",others,0.0,-1
2019-09-11,2019-09,Tagesspiegel,Conflict & Protest,Growing anti-Semitism in Berlin: Why the number of crimes against Jews increases,"Anti-Semitic violence is increasing, Jews are feeling increasingly insecure, with the most important questions and answers.","Growing anti-Semitism in Berlin: Why the number of crimes against Jews increases Anti-Semitic violence is increasing, Jews are feeling increasingly insecure, with the most important questions and answers.",others,0.0,0
2019-09-11,2019-09,Tagesspiegel,Miscellaneous,Islamic terror after 9/11: Al Qaeda is more dangerous again than IS,"Eighteen years after the terrorist attack on the United States, Al Qaeda poses a threat, and the West must not underestimate it.","Islamic terror after 9/11: Al Qaeda is more dangerous again than IS Eighteen years after the terrorist attack on the United States, Al Qaeda poses a threat, and the West must not underestimate it.",others,0.0,1
2019-09-13,2019-09,Tagesspiegel,Miscellaneous,The Volksbühne starts in autumn: The Trojan Herd,"Aren't we all against the war? Thorleifur Örn Arnarsson stages Greek myths with obvious motives in ""Odyssee"".","The Volksbühne starts in autumn: The Trojan Herd Aren't we all against the war? Thorleifur Örn Arnarsson stages Greek myths with obvious motives in ""Odyssee"".",others,0.0,-1
2019-09-14,2019-09,Tagesspiegel,Miscellaneous,"""My Life with Amanda"": Everyday Life after the Catastrophe","How young Parisians process an attack: Mikhaël Hers' ""My Life with Amanda"" is a paradoxical summer film about grief and loss.","""My Life with Amanda"": Everyday Life after the Catastrophe How young Parisians process an attack: Mikhaël Hers' ""My Life with Amanda"" is a paradoxical summer film about grief and loss.",others,0.0,-1
2019-09-15,2019-09,Tagesspiegel,Conflict & Protest,"Is Fear Growing in the Park?: Police Plans Survey on ""Subjective Security Feeling""","The number of crimes in Berlin has been falling since 2015. However, isolated acts of violence shake citizens' confidence. How much does this impact?","Is Fear Growing in the Park?: Police Plans Survey on ""Subjective Security Feeling"" The number of crimes in Berlin has been falling since 2015. However, isolated acts of violence shake citizens' confidence. How much does this impact?",fear,0.0,0
2019-09-15,2019-09,Tagesspiegel,Conflict & Protest,"""Glory to Hong Kong: How a Song Becomes the Hymn of Protest Against China","Hopeful pathos of liturgical quality: In Hong Kong, the protesters take courage with ""Glory to Hong Kong"". Now it's a viral hit.","""Glory to Hong Kong: How a Song Becomes the Hymn of Protest Against China Hopeful pathos of liturgical quality: In Hong Kong, the protesters take courage with ""Glory to Hong Kong"". Now it's a viral hit.",others,0.0,-1
2019-09-16,2019-09,Tagesspiegel,Conflict & Protest,German Catholics have a deep conflict with the Pope,"It's all about celibacy, women, lay people. The Germans want reforms, Francis reacts authoritarianly - and endangers his credibility.","German Catholics have a deep conflict with the Pope It's all about celibacy, women, lay people. The Germans want reforms, Francis reacts authoritarianly - and endangers his credibility.",disgust,0.0,0
2019-09-17,2019-09,Tagesspiegel,Politics (Germany),Despite the attack on oil plants: Merkel does not want to supply weapons to Saudi Arabia,"At the end of the month, the arms export ban imposed on Riyadh expires. The Union had first votes to lift it. Now, the Chancellor speaks plainly.","Despite the attack on oil plants: Merkel does not want to supply weapons to Saudi Arabia At the end of the month, the arms export ban imposed on Riyadh expires. The Union had first votes to lift it. Now, the Chancellor speaks plainly.",others,0.0,1
2019-09-18,2019-09,Tagesspiegel,Miscellaneous,"New radar traps: more than 110,000 rakes flashed",Fixed speed cameras are known to many motorists. Berlin police therefore tested the new mobile radar traps from January to August – with success.,"New radar traps: more than 110,000 rakes flashed Fixed speed cameras are known to many motorists. Berlin police therefore tested the new mobile radar traps from January to August – with success.",others,0.0,-1
2019-09-19,2019-09,merkur.de,Conflict & Protest,BR-Strike: Radio stations and television broadcasts fail - even ARD and ZDF affected,"The BR could do a few things differently on Wednesday than planned - the station is threatened with ""impairments"" and ""time outages"".","BR-Strike: Radio stations and television broadcasts fail - even ARD and ZDF affected The BR could do a few things differently on Wednesday than planned - the station is threatened with ""impairments"" and ""time outages"".",others,0.0,-1
2019-09-23,2019-09,Tagesspiegel,Politics (Germany),World footballer and world footballer of the year: Megan Rapinoe and Lionel Messi are the best,"In Milan, the US icon and Argentina's superstar are honored. For Messi, it is already the sixth triumph in a world football election.","World footballer and world footballer of the year: Megan Rapinoe and Lionel Messi are the best In Milan, the US icon and Argentina's superstar are honored. For Messi, it is already the sixth triumph in a world football election.",joy,0.9426038861274719,-1
2019-09-24,2019-09,Tagesspiegel,Conflict & Protest,Sierra Leone: How invisible scars paralyze the country's development,"Violence, poverty and Ebola: Hundreds of thousands of people in Sierra Leone suffer from trauma.","Sierra Leone: How invisible scars paralyze the country's development Violence, poverty and Ebola: Hundreds of thousands of people in Sierra Leone suffer from trauma.",others,0.0,1
2019-09-24,2019-09,Tagesspiegel,Miscellaneous,"Drug abuse in Neukölln: ""The syringes are flying around our ears",The drug scene in Neukölln is expanding. Health City Councillor Falko Liecke (CDU) is looking for a strategy – in close coordination with the police.,"Drug abuse in Neukölln: ""The syringes are flying around our ears The drug scene in Neukölln is expanding. Health City Councillor Falko Liecke (CDU) is looking for a strategy – in close coordination with the police.",others,0.0,-1
2019-09-25,2019-09,Tagesspiegel,Conflict & Protest,Bergmannstraße: Activists mourn for the first dismantled parklet,In Berlin's Bergmannstraße the first parking lot was removed. Bicycle activists came together and mourned symbolically as a protest against the dismantling.,Bergmannstraße: Activists mourn for the first dismantled parklet In Berlin's Bergmannstraße the first parking lot was removed. Bicycle activists came together and mourned symbolically as a protest against the dismantling.,sadness,-0.7055076360702515,0
2019-09-26,2019-09,Tagesspiegel,Conflict & Protest,Homophobic attacks: Federal Criminal Office counts increase in violence against LSBTI people,"In an answer to the left, the Ministry of the Interior announces the increase in violence against LGBTI people. However, only a fraction of the actions are recorded.","Homophobic attacks: Federal Criminal Office counts increase in violence against LSBTI people In an answer to the left, the Ministry of the Interior announces the increase in violence against LGBTI people. However, only a fraction of the actions are recorded.",others,0.0,-1
2019-09-26,2019-09,t-online.de,Miscellaneous,"VW, BMW, Audi? These brands steal car thieves the most",About 40 cars per day disappear on Germany's roads without a trace. The statistics of the police show: Thieves have a clear preference for certain brands.,"VW, BMW, Audi? These brands steal car thieves the most About 40 cars per day disappear on Germany's roads without a trace. The statistics of the police show: Thieves have a clear preference for certain brands.",disgust,0.0,3
2019-09-26,2019-09,t-online.de,Miscellaneous,"Car - VW, BMW, Audi: These brands steal thieves the most",Almost 30 cars per day disappear on Germany's roads. The statistics of the police show: Thieves have a clear preference for certain brands.,"Car - VW, BMW, Audi: These brands steal thieves the most Almost 30 cars per day disappear on Germany's roads. The statistics of the police show: Thieves have a clear preference for certain brands.",others,0.0,3
2019-09-26,2019-09,t-online.de,Miscellaneous,"VW, BMW, Audi? These brands steal car thieves the most",Almost 30 cars per day disappear on Germany's roads. The statistics of the police show: Thieves have a clear preference for certain brands.,"VW, BMW, Audi? These brands steal car thieves the most Almost 30 cars per day disappear on Germany's roads. The statistics of the police show: Thieves have a clear preference for certain brands.",disgust,0.0,3
2019-09-27,2019-09,Tagesspiegel,Miscellaneous,Police in Brandenburg: Legally declared: Police officers must wear nameplates,The Federal Court confirmed the name tag obligation - because police officers are supposed to be recognizable. Two Brandenburg police officers had previously sued.,Police in Brandenburg: Legally declared: Police officers must wear nameplates The Federal Court confirmed the name tag obligation - because police officers are supposed to be recognizable. Two Brandenburg police officers had previously sued.,others,0.0,0
2019-09-28,2019-09,Tagesspiegel,Miscellaneous,Hajo Seppelt in Portrait: Between Wada and Whistleblowern,"For more than 15 years, ARD-man Hajo Seppelt has been researching doping and corruption. Now the sports journalist has written a book about it. What is driving him around? An encounter in Babelsberg.","Hajo Seppelt in Portrait: Between Wada and Whistleblowern For more than 15 years, ARD-man Hajo Seppelt has been researching doping and corruption. Now the sports journalist has written a book about it. What is driving him around? An encounter in Babelsberg.",others,0.0,-1
2019-09-30,2019-09,Tagesspiegel,Miscellaneous,Food Labelling: Why Klöckner introduces the Nutri score now,"For years, the Minister has been opposed to coloured labelling of food. A survey commissioned by herself leaves her no choice.","Food Labelling: Why Klöckner introduces the Nutri score now For years, the Minister has been opposed to coloured labelling of food. A survey commissioned by herself leaves her no choice.",others,0.0,-1
2019-09-30,2019-09,Tagesspiegel,Politics (Germany),Election with a signal effect: Africa specialist becomes president of the Goethe-Institut,The future president of the Goethe-Institut is Carola Lentz. Her focus is on Africa. Foreign Minister Heiko Maas welcomes the decision.,Election with a signal effect: Africa specialist becomes president of the Goethe-Institut The future president of the Goethe-Institut is Carola Lentz. Her focus is on Africa. Foreign Minister Heiko Maas welcomes the decision.,others,0.0,0
2019-10-02,2019-10,Tagesspiegel,Conflict & Protest,"Should scientists make policies?: Researchers, do not become propagandists!","Scientists are supposed to engage politically, but not violate their rules. Petitions and protest lead to gross simplifications. A plea.","Should scientists make policies?: Researchers, do not become propagandists! Scientists are supposed to engage politically, but not violate their rules. Petitions and protest lead to gross simplifications. A plea.",others,0.0,0
2019-10-03,2019-10,Tagesspiegel,Miscellaneous,"Thrilling series ""Countdown Copenhagen II"": The Terror Continues","Popcorn out, Beamer: The thriller series ""Countdown Copenhagen II"" at ZDFNeo seamlessly joins season 1.","Thrilling series ""Countdown Copenhagen II"": The Terror Continues Popcorn out, Beamer: The thriller series ""Countdown Copenhagen II"" at ZDFNeo seamlessly joins season 1.",joy,0.5683664679527283,-1
2019-10-04,2019-10,Tagesspiegel,Miscellaneous,The Terror Academy: How ISIS recruits new fighters in Syrian camps,"Tens of thousands of members of ISIS are interned at Camp Al Hol, to help the militia to regain strength.","The Terror Academy: How ISIS recruits new fighters in Syrian camps Tens of thousands of members of ISIS are interned at Camp Al Hol, to help the militia to regain strength.",others,0.0,1
2019-10-04,2019-10,Tagesspiegel,Politics (Germany),Despite Yemen War: Federal Government approves arms export to Emirates,The United Arab Emirates are receiving parts from Germany for an air defense system. The export permit is delicate because the country is a war party.,Despite Yemen War: Federal Government approves arms export to Emirates The United Arab Emirates are receiving parts from Germany for an air defense system. The export permit is delicate because the country is a war party.,others,0.0,1
2019-10-08,2019-10,Tagesspiegel,Miscellaneous,The New Museum celebrates its 10th birthday,"Splendid in the imperial era, lost after the war, saved by the star architect David Chipperfield: In October 2009 the New Museum was reopened.","The New Museum celebrates its 10th birthday Splendid in the imperial era, lost after the war, saved by the star architect David Chipperfield: In October 2009 the New Museum was reopened.",others,0.0,-1
2019-10-10,2019-10,Tagesspiegel,Miscellaneous,"Halle's attack: Right-wing terrorism, staged like a computer game",The perpetrator of Halle radicalized online. Why the security authorities have too little eyes on the virtual network of right-wing terrorists. An analysis.,"Halle's attack: Right-wing terrorism, staged like a computer game The perpetrator of Halle radicalized online. Why the security authorities have too little eyes on the virtual network of right-wing terrorists. An analysis.",disgust,0.0,1
2019-10-11,2019-10,Tagesspiegel,Climate & Environment,After the attack in Halle: Unknown paid money to assassins,Stephan Balliet reported in the interrogation about his income. The investigators check if he had a support environment. The news blog for reading.,After the attack in Halle: Unknown paid money to assassins Stephan Balliet reported in the interrogation about his income. The investigators check if he had a support environment. The news blog for reading.,others,0.0,1
2019-10-11,2019-10,Tagesspiegel,Miscellaneous,South Africa's ex-president fails with request: Zuma has to answer for corruption for the first time,"The former President of South Africa had hoped to close the proceedings, but the Supreme Court calls Zuma's argument ""sandalous.""","South Africa's ex-president fails with request: Zuma has to answer for corruption for the first time The former President of South Africa had hoped to close the proceedings, but the Supreme Court calls Zuma's argument ""sandalous.""",disgust,0.0,-1
2019-10-12,2019-10,Tagesspiegel,Miscellaneous,Already ten firearms disappeared: Berlin police have lost another gun,"Home Secretary Akmann sees an ""abstract danger"" from lost or stolen police weapons. Greens and leftists demand more transparency.","Already ten firearms disappeared: Berlin police have lost another gun Home Secretary Akmann sees an ""abstract danger"" from lost or stolen police weapons. Greens and leftists demand more transparency.",others,0.0,-1
2019-10-13,2019-10,Tagesspiegel,Economy & Finance,PiS wins the election: Germany and the EU must approach Poland,"The national conservative PiS wins in Poland. That's why it can't afford everything, but a new way of dealing with it in Europe is necessary.","PiS wins the election: Germany and the EU must approach Poland The national conservative PiS wins in Poland. That's why it can't afford everything, but a new way of dealing with it in Europe is necessary.",others,0.0,0
2019-10-13,2019-10,Tagesspiegel,Miscellaneous,"Thuringia's head of constitutional protection: ""We have warned that it can happen at any time.""","Stephan Kramer is himself a Jew. In an interview, he talks about the attack in Halle and the intellectual arson of the ""New Right.""","Thuringia's head of constitutional protection: ""We have warned that it can happen at any time."" Stephan Kramer is himself a Jew. In an interview, he talks about the attack in Halle and the intellectual arson of the ""New Right.""",fear,0.0,-1
2019-10-14,2019-10,Tagesspiegel,Miscellaneous,"Column ""Style of Mirrors"": The grief over the attack of Halle must lead us to discernment",To such a state of terror grief is an important reaction. But it can also become clumsy or even dangerous. How do we respond appropriately?,"Column ""Style of Mirrors"": The grief over the attack of Halle must lead us to discernment To such a state of terror grief is an important reaction. But it can also become clumsy or even dangerous. How do we respond appropriately?",others,0.0,1
2019-10-15,2019-10,Tagesspiegel,Miscellaneous,After attack in Halle: Words with many attacks,Language of shock and shocking speech – notes after the terrorist act of Halle.,After attack in Halle: Words with many attacks Language of shock and shocking speech – notes after the terrorist act of Halle.,others,0.0,1
2019-10-16,2019-10,Tagesspiegel,Miscellaneous,"Taheri proclaims the ""class struggle"": spokesman for ""German housing"" wants to expropriate new power relations in Berlin","The debate about expropriations in Berlin does not stop – now a video provides new ignition material. Opponents warn of a ""attack to freedom.""","Taheri proclaims the ""class struggle"": spokesman for ""German housing"" wants to expropriate new power relations in Berlin The debate about expropriations in Berlin does not stop – now a video provides new ignition material. Opponents warn of a ""attack to freedom.""",others,0.0,0
2019-10-16,2019-10,Tagesspiegel,Miscellaneous,"Young Migrants and Policemen: When ""the Bull"" becomes a sports comrade from the enemy",Migrants are picked up by patrol car - and taken to sport with the police. Chief Commissioner Mantei has received the Federal Prize for Democracy.,"Young Migrants and Policemen: When ""the Bull"" becomes a sports comrade from the enemy Migrants are picked up by patrol car - and taken to sport with the police. Chief Commissioner Mantei has received the Federal Prize for Democracy.",others,0.0,2
2019-10-16,2019-10,Tagesspiegel,Conflict & Protest,"Syria and the consequences for Berlin: ""Kurds quickly hit the sights of the Erdogan Brigades""",The Syrian war also exacerbates the conflict between Kurds and Turks in Berlin. Left-wing politician Hakan Taş talks about constant threats in an interview.,"Syria and the consequences for Berlin: ""Kurds quickly hit the sights of the Erdogan Brigades"" The Syrian war also exacerbates the conflict between Kurds and Turks in Berlin. Left-wing politician Hakan Taş talks about constant threats in an interview.",others,0.0,-1
2019-10-16,2019-10,Tagesspiegel,Miscellaneous,"Explosive threat on A10 stop: police dog ""Bass"" survives knife attack of Michendorf","At the Michendorf stop in Brandenburg, a man threatened an attack. At the time of the arrest, he stabbed a police dog, and officers attacked the gun.","Explosive threat on A10 stop: police dog ""Bass"" survives knife attack of Michendorf At the Michendorf stop in Brandenburg, a man threatened an attack. At the time of the arrest, he stabbed a police dog, and officers attacked the gun.",others,0.0,2
2019-10-16,2019-10,Tagesspiegel,Miscellaneous,"Explosive threat on A10 stop: police dog ""Bass"" survives knife attack of Michendorf","At the Michendorf stop in Brandenburg, a man threatened an attack. At the time of the arrest, he stabbed a police dog, and officers attacked the gun.","Explosive threat on A10 stop: police dog ""Bass"" survives knife attack of Michendorf At the Michendorf stop in Brandenburg, a man threatened an attack. At the time of the arrest, he stabbed a police dog, and officers attacked the gun.",others,0.0,2
2019-10-17,2019-10,Tagesspiegel,Conflict & Protest,"Collisions with Erdogan fans in Germany: Kurdish conflict escalates ""open on the street""","The clashes between Kurds and Erdogan supporters are increasing, especially in North Rhine-Westphalia. A large Kurdish demonstration is registered in Cologne for Saturday.","Collisions with Erdogan fans in Germany: Kurdish conflict escalates ""open on the street"" The clashes between Kurds and Erdogan supporters are increasing, especially in North Rhine-Westphalia. A large Kurdish demonstration is registered in Cologne for Saturday.",others,0.0,-1
2019-10-17,2019-10,Tagesspiegel,Miscellaneous,"Mesut Özil on conditions in Germany: ""Rassism is no longer a topic of the right",The former national player Mesut Özil finds clear words after the attack in Halle - and describes how it happened to him.,"Mesut Özil on conditions in Germany: ""Rassism is no longer a topic of the right The former national player Mesut Özil finds clear words after the attack in Halle - and describes how it happened to him.",others,0.0,1
2019-10-18,2019-10,Tagesspiegel,Miscellaneous,"Drug War in Mexico: Soldiers Fail to Arrest ""El Chapo Jr.""","Mexican security forces arrest the son of the US drug boss, who has been detained. After fighting, ""El Ratón"" is released.","Drug War in Mexico: Soldiers Fail to Arrest ""El Chapo Jr."" Mexican security forces arrest the son of the US drug boss, who has been detained. After fighting, ""El Ratón"" is released.",others,0.0,-1
2019-10-18,2019-10,RP ONLINE,Miscellaneous,"Heavy street fights in attempted arrest of ""El Chapo"" son","According to media reports, Mexican security forces have suffered a humiliating defeat in the fight against the country's powerful drug gangs, and they have had to re-run the son of El Chapo.","Heavy street fights in attempted arrest of ""El Chapo"" son According to media reports, Mexican security forces have suffered a humiliating defeat in the fight against the country's powerful drug gangs, and they have had to re-run the son of El Chapo.",others,0.0,-1
2019-10-18,2019-10,Tagesspiegel,Conflict & Protest,Catalonia-Conflict : Puigdemont reports from Brussels - Riots in Barcelona continue,"Barcelona is not calm, the airport is on strike on Friday. Regional President Puigdemont spoke in Brussels.","Catalonia-Conflict : Puigdemont reports from Brussels - Riots in Barcelona continue Barcelona is not calm, the airport is on strike on Friday. Regional President Puigdemont spoke in Brussels.",fear,0.0,-1
2019-10-18,2019-10,Tagesspiegel,Miscellaneous,Isolated family: what motive did the father have?,"According to the police, the children, who have been isolated for many years in the Netherlands, ""responsively reacted to the arrest of their father. Police and psychologists talk to them.","Isolated family: what motive did the father have? According to the police, the children, who have been isolated for many years in the Netherlands, ""responsively reacted to the arrest of their father. Police and psychologists talk to them.",others,0.0,-1
2019-10-20,2019-10,Tagesspiegel,Miscellaneous,"""Tatort- with Ulrich Tukur: Krimipersiflage full of film quotes","Ulrich Tukur and Peter Kurth celebrate an epic battle in the ""Tatort"". ""Attack on guard 08"" seamlessly follows ""Born in pain"".","""Tatort- with Ulrich Tukur: Krimipersiflage full of film quotes Ulrich Tukur and Peter Kurth celebrate an epic battle in the ""Tatort"". ""Attack on guard 08"" seamlessly follows ""Born in pain"".",others,0.0,-1
2019-10-20,2019-10,Tagesspiegel,Miscellaneous,Alcohol ride and the consequences: Hakan Taş talks about the mistake of his life,"Ten months ago, the left-wing politician Hakan Taş was taken away by the police, so he handled the shame.","Alcohol ride and the consequences: Hakan Taş talks about the mistake of his life Ten months ago, the left-wing politician Hakan Taş was taken away by the police, so he handled the shame.",others,0.0,-1
2019-10-20,2019-10,Tagesspiegel,Miscellaneous,Alcohol ride and the consequences: Hakan Taş talks about the mistake of his life,"Ten months ago, the left-wing politician Hakan Taş was taken away by the police, so he handled the shame.","Alcohol ride and the consequences: Hakan Taş talks about the mistake of his life Ten months ago, the left-wing politician Hakan Taş was taken away by the police, so he handled the shame.",others,0.0,-1
2019-10-24,2019-10,Tagesspiegel,Miscellaneous,Trojan attack: Berlin Chamber Court not back on the net before 2020,"The highest ordinary court of the city is in the emergency business. His boss wants to do everything new and then right, he explains in the interview.","Trojan attack: Berlin Chamber Court not back on the net before 2020 The highest ordinary court of the city is in the emergency business. His boss wants to do everything new and then right, he explains in the interview.",others,0.0,0
2019-10-25,2019-10,Tagesspiegel,Conflict & Protest,Intersex Awareness Day: Protest against operations on intersex people,Inter* persons are still operated on shortly after their birth in order to be able to clearly assign their sex. On Saturday they protest against it.,Intersex Awareness Day: Protest against operations on intersex people Inter* persons are still operated on shortly after their birth in order to be able to clearly assign their sex. On Saturday they protest against it.,others,0.0,-1
2019-10-25,2019-10,Tagesspiegel,Conflict & Protest,Violence in Catalonia: A new generation fights for independence,"In Catalonia, young fighters for independence are radicalizing, and the judiciary is investigating terrorist movements.","Violence in Catalonia: A new generation fights for independence In Catalonia, young fighters for independence are radicalizing, and the judiciary is investigating terrorist movements.",others,0.0,-1
2019-10-25,2019-10,Tagesspiegel,Miscellaneous,Amok Run in Munich with nine dead: Police now rated assassination as radical right-wing motivated,"So far, the investigators had classified the crime at the Olympic shopping center in Munich as an act of revenge in July 2016. Now, the LKA changed its assessment.","Amok Run in Munich with nine dead: Police now rated assassination as radical right-wing motivated So far, the investigators had classified the crime at the Olympic shopping center in Munich as an act of revenge in July 2016. Now, the LKA changed its assessment.",others,0.0,-1
2019-10-27,2019-10,Tagesspiegel,Miscellaneous,Trump announces death of IS leader Bagdadi,"ISIS leader Abu Bakr al Bagdadi died in an attack by US troops in Syria, killing himself, said the US President.","Trump announces death of IS leader Bagdadi ISIS leader Abu Bakr al Bagdadi died in an attack by US troops in Syria, killing himself, said the US President.",others,0.0,1
2019-10-27,2019-10,Tagesspiegel,Miscellaneous,"Holocaust survivors on the right turn in Germany: ""The attack in Halle awakens memories","After the attack in Halle, Roman Haller wonders if he has to pack bags. Martha Raviv calls for an end to naivety. Sally Perel hopes for the youth.","Holocaust survivors on the right turn in Germany: ""The attack in Halle awakens memories After the attack in Halle, Roman Haller wonders if he has to pack bags. Martha Raviv calls for an end to naivety. Sally Perel hopes for the youth.",others,0.0,1
2019-10-29,2019-10,Tagesspiegel,Conflict & Protest,Christmas Market at Charlottenburg Castle Is Saved,The conflict over the security concept for the Christmas market in front of the Charlottenburg Castle was resolved shortly before the imminent rejection.,Christmas Market at Charlottenburg Castle Is Saved The conflict over the security concept for the Christmas market in front of the Charlottenburg Castle was resolved shortly before the imminent rejection.,others,0.0,0
2019-10-29,2019-10,t-online.de,Miscellaneous,Apple AirPods Alternative: In-ear Headphones Test Winner at Stiftung Warentest,Stiftung Warentest has tested 14 wireless in-ear headphones. Find out which models have best been cut and what matters when choosing the right headphones.,Apple AirPods Alternative: In-ear Headphones Test Winner at Stiftung Warentest Stiftung Warentest has tested 14 wireless in-ear headphones. Find out which models have best been cut and what matters when choosing the right headphones.,others,0.0,-1
2019-10-30,2019-10,RTL Online,Miscellaneous,Police Bochum: stealing Halloween candy is a crime,On Halloween thousands of children travel through Germany and demand sweets or treats. Bochum police have an important message to all.,Police Bochum: stealing Halloween candy is a crime On Halloween thousands of children travel through Germany and demand sweets or treats. Bochum police have an important message to all.,others,0.0,3
2019-10-31,2019-10,Tagesspiegel,Miscellaneous,War in Donbas: New hope for peace is growing in eastern Ukraine,"On the edge of eastern Ukraine, people have long since been playing ball for the powerful. However, many inhabitants of the region now take their own future into their own hands. A visit.","War in Donbas: New hope for peace is growing in eastern Ukraine On the edge of eastern Ukraine, people have long since been playing ball for the powerful. However, many inhabitants of the region now take their own future into their own hands. A visit.",others,0.0,1
2019-11-03,2019-11,Tagesspiegel,Miscellaneous,Persecution of Jews in the Netherlands 1940-1945: In the service of the occupiers,"Around 150,000 Dutch people were prosecuted for collaboration after the war. Some cooperated to prevent worse things.","Persecution of Jews in the Netherlands 1940-1945: In the service of the occupiers Around 150,000 Dutch people were prosecuted for collaboration after the war. Some cooperated to prevent worse things.",disgust,0.0,-1
2019-11-03,2019-11,Tagesspiegel,Miscellaneous,Persecution of Jews in the Netherlands 1940-1945: In the service of the occupiers,Some 150 000 Dutch people were tried for collaboration after the war - some cooperated to prevent Schlinmeres,Persecution of Jews in the Netherlands 1940-1945: In the service of the occupiers Some 150 000 Dutch people were tried for collaboration after the war - some cooperated to prevent Schlinmeres,others,0.0,-1
2019-11-04,2019-11,noz.de - Neue Osnabrücker Zeitung,Conflict & Protest,"Right Demo on November 9, 2019 in Bielefeld","Under the motto ""Freedom for Ursula Haverbeck"" the party ""The Right"" wants to take to the streets on 9 November in Bielefeld. North Rhine-Westphalia's Interior Minister Herbert Reul (CDU) has condemned the planned demonstration in honour of the Holocaust deniers.","Right Demo on November 9, 2019 in Bielefeld Under the motto ""Freedom for Ursula Haverbeck"" the party ""The Right"" wants to take to the streets on 9 November in Bielefeld. North Rhine-Westphalia's Interior Minister Herbert Reul (CDU) has condemned the planned demonstration in honour of the Holocaust deniers.",others,0.0,-1
2019-11-04,2019-11,Tagesspiegel,Miscellaneous,Drug trafficking in Kreuzberg: Senator Geisel sends mobile guard to Görli,"By November 17th, two mobile guards will be standing in the Görli during the day. The police are not enthusiastic and complain about the influence of insiders hostage.","Drug trafficking in Kreuzberg: Senator Geisel sends mobile guard to Görli By November 17th, two mobile guards will be standing in the Görli during the day. The police are not enthusiastic and complain about the influence of insiders hostage.",others,0.0,2
2019-11-06,2019-11,Tagesspiegel,Conflict & Protest,Racist violence after the fall of the Wall: the new Germany became a danger for migrants,From Hoyerswerda to Solingen: Reunification had serious consequences for many migrants. Racist violence determined the political agenda.,Racist violence after the fall of the Wall: the new Germany became a danger for migrants From Hoyerswerda to Solingen: Reunification had serious consequences for many migrants. Racist violence determined the political agenda.,others,0.0,0
2019-11-06,2019-11,Tagesspiegel,Miscellaneous,The Commissioner is demilitarized: Police abolish rank,Berlin police officers are no longer supposed to carry a rank - because it reminds us of soldiers. The reason is the renaming of the entire authority.,The Commissioner is demilitarized: Police abolish rank Berlin police officers are no longer supposed to carry a rank - because it reminds us of soldiers. The reason is the renaming of the entire authority.,others,0.0,0
2019-11-06,2019-11,Tagesspiegel,Miscellaneous,"Roland Emmerich's War Film ""Midway"": The Battle That Decided the Pacific War","Why the Americans won the war against Japan: Roland Emmerich opulent historical film ""Midway – Für die Freiheit"" (Midway – For Freedom).","Roland Emmerich's War Film ""Midway"": The Battle That Decided the Pacific War Why the Americans won the war against Japan: Roland Emmerich opulent historical film ""Midway – Für die Freiheit"" (Midway – For Freedom).",others,0.0,-1
2019-11-07,2019-11,Tagesspiegel,Economy & Finance,Economy: Those who want to limit growth commit an attack on the social market economy,"Economic growth and climate protection are not mutually exclusive - rather, growth is arming us for the future. A guest contribution.","Economy: Those who want to limit growth commit an attack on the social market economy Economic growth and climate protection are not mutually exclusive - rather, growth is arming us for the future. A guest contribution.",others,0.0,-1
2019-11-09,2019-11,Tagesspiegel,Politics (Germany),"""No king, don't be afraid!"": ""Why the election in Spain won't pacify the country",Alfred Bosch is Catalonia's de facto foreign minister – and calls for negotiations: but the election could deepen the gap between separatists and government.,"""No king, don't be afraid!"": ""Why the election in Spain won't pacify the country Alfred Bosch is Catalonia's de facto foreign minister – and calls for negotiations: but the election could deepen the gap between separatists and government.",others,0.0,-1
2019-11-09,2019-11,Tagesspiegel,Politics (Germany),"""No king, don't be afraid!"": ""Why the election in Spain won't pacify the country",Alfred Bosch is Catalonia's de facto foreign minister – and calls for negotiations: but the election could deepen the gap between separatists and government.,"""No king, don't be afraid!"": ""Why the election in Spain won't pacify the country Alfred Bosch is Catalonia's de facto foreign minister – and calls for negotiations: but the election could deepen the gap between separatists and government.",others,0.0,-1
2019-11-10,2019-11,Tagesspiegel,Conflict & Protest,"Climate protests at Tegel airport: blockade ended, delays around the airport, accesses free again","Environmentalists of the group ""Staying on the ground"" protested at Tegel Airport on Sunday. Police action led to far-reaching delays.","Climate protests at Tegel airport: blockade ended, delays around the airport, accesses free again Environmentalists of the group ""Staying on the ground"" protested at Tegel Airport on Sunday. Police action led to far-reaching delays.",others,0.0,0
2019-11-10,2019-11,Tagesspiegel,Miscellaneous,35-year-old Raser stopped : 202 km/h over the Avus,"On Saturday night, the police stopped a driver on the A 115 who drove twice as fast as allowed, and the man received a fine, among other things.","35-year-old Raser stopped : 202 km/h over the Avus On Saturday night, the police stopped a driver on the A 115 who drove twice as fast as allowed, and the man received a fine, among other things.",others,0.0,0
2019-11-10,2019-11,Tagesspiegel,Conflict & Protest,Hate Crime and Social Media: When Incitement Leaves the Network,What does hate on the Internet do to people? Does digital violence lead to analogue violence? A research overview.,Hate Crime and Social Media: When Incitement Leaves the Network What does hate on the Internet do to people? Does digital violence lead to analogue violence? A research overview.,others,0.0,-1
2019-11-11,2019-11,Tagesspiegel,Politics (Germany),Hanover as a signal for the federal government: The Belit Onay case becomes a nationwide SPD shock,The Green victory in Hanover shows: The new electoral area is the city - to the detriment of the old People's Party.,Hanover as a signal for the federal government: The Belit Onay case becomes a nationwide SPD shock The Green victory in Hanover shows: The new electoral area is the city - to the detriment of the old People's Party.,others,0.0,0
2019-11-12,2019-11,Tagesspiegel,Miscellaneous,World population growth: the amazing development of Bangladesh,"A UN conference aims to tackle the problem of world population growth, with women's rights at the heart of it, and some countries are making it happen.","World population growth: the amazing development of Bangladesh A UN conference aims to tackle the problem of world population growth, with women's rights at the heart of it, and some countries are making it happen.",others,0.0,1
2019-11-14,2019-11,Tagesspiegel,Conflict & Protest,Berlin educators have to wait for money,"First strike, then strike break, then - nothing: Why the long-decided salary increases did not yet arrive everywhere.","Berlin educators have to wait for money First strike, then strike break, then - nothing: Why the long-decided salary increases did not yet arrive everywhere.",others,0.0,0
2019-11-16,2019-11,Tagesspiegel,Conflict & Protest,After strike of the referees: Harder penalties for violence in Berlin amateur football,"The Berlin Football Association has decided hard penalties for attacks on referees, who had paralyzed the game three weeks ago in protest.","After strike of the referees: Harder penalties for violence in Berlin amateur football The Berlin Football Association has decided hard penalties for attacks on referees, who had paralyzed the game three weeks ago in protest.",others,0.0,0
2019-11-17,2019-11,RP ONLINE,Conflict & Protest,"Viersen: At the cemeteries, the victims of war and violence were commemorated on the Day of Volkstrauertag.","At the cemeteries in the western circle, the victims of war and violence were remembered on Volkstrauertag. Colonel Helmut Michelis, honorary chairman of the district group Niederrhein in the Reservistenverband, made it clear in Viersen that this is more than an unmodern compulsory event. We document his speech in the text.","Viersen: At the cemeteries, the victims of war and violence were commemorated on the Day of Volkstrauertag. At the cemeteries in the western circle, the victims of war and violence were remembered on Volkstrauertag. Colonel Helmut Michelis, honorary chairman of the district group Niederrhein in the Reservistenverband, made it clear in Viersen that this is more than an unmodern compulsory event. We document his speech in the text.",others,0.0,-1
2019-11-17,2019-11,Tagesspiegel,Conflict & Protest,Berlin Football Association takes action: Violence against referees is sanctioned harder,"The Berlin Football Association has reacted to the increasing violence against referees, and the resulting measures have it in themselves.","Berlin Football Association takes action: Violence against referees is sanctioned harder The Berlin Football Association has reacted to the increasing violence against referees, and the resulting measures have it in themselves.",others,0.0,0
2019-11-18,2019-11,Tagesspiegel,Miscellaneous,After gondola crash in Hesse: companies from Berlin and Brandenburg in focus,"In September, a maintenance gondola crashed in Hesse, three employees of a Berlin company were killed. Now the police are running out of debt.","After gondola crash in Hesse: companies from Berlin and Brandenburg in focus In September, a maintenance gondola crashed in Hesse, three employees of a Berlin company were killed. Now the police are running out of debt.",others,0.0,2
2019-11-18,2019-11,Tagesspiegel,Conflict & Protest,Margaret Atwood turns 80: Her novels inspire women worldwide to protest,"Margaret Atwood is regarded as an icon of literary feminism. For the 80th birthday, a conversational volume with the writer appears.","Margaret Atwood turns 80: Her novels inspire women worldwide to protest Margaret Atwood is regarded as an icon of literary feminism. For the 80th birthday, a conversational volume with the writer appears.",others,0.0,-1
2019-11-20,2019-11,Tagesspiegel,Conflict & Protest,Transgender Day of Remembrance: Roses and candles for our dead,"For 20 years now, the Transgender Day Remembrance has been held in memory of the victims of trans-hostile violence. Here, the Berlin journalist, cabaret artist and trans, Michaela Dudley, explains the significance of the day.","Transgender Day of Remembrance: Roses and candles for our dead For 20 years now, the Transgender Day Remembrance has been held in memory of the victims of trans-hostile violence. Here, the Berlin journalist, cabaret artist and trans, Michaela Dudley, explains the significance of the day.",others,0.0,-1
2019-11-20,2019-11,Tagesspiegel,Conflict & Protest,Transgender Day of Remembrance: Roses and candles for our dead,"For 20 years now, the Transgender Day Remembrance has been held in memory of the victims of trans-hostile violence. Here, the Berlin journalist, cabaret artist and trans, Michaela Dudley, explains the significance of the day.","Transgender Day of Remembrance: Roses and candles for our dead For 20 years now, the Transgender Day Remembrance has been held in memory of the victims of trans-hostile violence. Here, the Berlin journalist, cabaret artist and trans, Michaela Dudley, explains the significance of the day.",others,0.0,-1
2019-11-21,2019-11,fr.de,Conflict & Protest,Revolutionary Guards declare unrest in Iran to be over,"The protests against higher fuel prices in Iran have been violently stopped - there are supposed to be more than 100 deaths. The EU and Germany condemn the action of the Iranian leadership, which has now lifted the blockade of the Internet.","Revolutionary Guards declare unrest in Iran to be over The protests against higher fuel prices in Iran have been violently stopped - there are supposed to be more than 100 deaths. The EU and Germany condemn the action of the Iranian leadership, which has now lifted the blockade of the Internet.",fear,0.0,0
2019-11-21,2019-11,tz.de,Conflict & Protest,Revolutionary Guards declare unrest in Iran to be over,"The protests against higher fuel prices in Iran have been violently stopped - there are supposed to be more than 100 deaths. The EU and Germany condemn the action of the Iranian leadership, which has now lifted the blockade of the Internet.","Revolutionary Guards declare unrest in Iran to be over The protests against higher fuel prices in Iran have been violently stopped - there are supposed to be more than 100 deaths. The EU and Germany condemn the action of the Iranian leadership, which has now lifted the blockade of the Internet.",fear,0.0,0
2019-11-21,2019-11,merkur.de,Conflict & Protest,Revolutionary Guards declare unrest in Iran to be over,"The protests against higher fuel prices in Iran have been violently stopped - there are supposed to be more than 100 deaths. The EU and Germany condemn the action of the Iranian leadership, which has now lifted the blockade of the Internet.","Revolutionary Guards declare unrest in Iran to be over The protests against higher fuel prices in Iran have been violently stopped - there are supposed to be more than 100 deaths. The EU and Germany condemn the action of the Iranian leadership, which has now lifted the blockade of the Internet.",fear,0.0,0
2019-11-21,2019-11,Tagesspiegel,Miscellaneous,"""Fest determined"" to attack: Franco A. owned Hitler's ""My Fight"" and Nazi Music","Investigations in the Franco A case prove that the officer ""has a nationalist/völkish, anti-Semitic and ultimately right-wing extremist attitude.""","""Fest determined"" to attack: Franco A. owned Hitler's ""My Fight"" and Nazi Music Investigations in the Franco A case prove that the officer ""has a nationalist/völkish, anti-Semitic and ultimately right-wing extremist attitude.""",disgust,0.0,-1
2019-11-23,2019-11,Tagesspiegel,Miscellaneous,"The bureaucratic madness of ""Moses"": why Venice is still not protected from floods","For three decades, the lagoon city has been waiting for a barrier to prevent floods. An Italian history of corruption and indifference.","The bureaucratic madness of ""Moses"": why Venice is still not protected from floods For three decades, the lagoon city has been waiting for a barrier to prevent floods. An Italian history of corruption and indifference.",disgust,0.0,0
2019-11-23,2019-11,Tagesspiegel,Miscellaneous,Dead Vietnamese from cooler truck: Police see Berlin as a hub for tugs,"According to rbb, several of the Vietnamese found dead in a truck in Britain were previously in Berlin. The city is a hub in human trafficking.","Dead Vietnamese from cooler truck: Police see Berlin as a hub for tugs According to rbb, several of the Vietnamese found dead in a truck in Britain were previously in Berlin. The city is a hub in human trafficking.",others,0.0,-1
2019-11-24,2019-11,Kölner Stadt-Anzeiger,Miscellaneous,"""Your child is dead: how the Cologne Chief Commissioner Holl delivers death news","In Germany, the delivery of death notifications is the task of specially trained police officers.","""Your child is dead: how the Cologne Chief Commissioner Holl delivers death news In Germany, the delivery of death notifications is the task of specially trained police officers.",others,0.0,2
2019-11-25,2019-11,Tagesspiegel,Conflict & Protest,"""Immense data sets: LKA calls abuse case in Bergisch Gladbach bigger than case lie",Investigators have tracked down a chat network that is said to be responsible for mass sexual violence against children. Nine people have been arrested.,"""Immense data sets: LKA calls abuse case in Bergisch Gladbach bigger than case lie Investigators have tracked down a chat network that is said to be responsible for mass sexual violence against children. Nine people have been arrested.",others,0.0,2
2019-11-25,2019-11,Tagesspiegel,Conflict & Protest,"Day against violence against women: women's hatred is not a ""collateral damage""","Gender-specific violence carries an extreme security risk – for the whole society. Often, however, it becomes trivial. End with it! A guest contribution.","Day against violence against women: women's hatred is not a ""collateral damage"" Gender-specific violence carries an extreme security risk – for the whole society. Often, however, it becomes trivial. End with it! A guest contribution.",disgust,0.0,-1
2019-11-26,2019-11,Tagesspiegel,Politics (Germany),Anti-Semitism at Labour: British Rabbi warns against Corbyn's election,"The British Labour Party does not come from the headlines. Despite rising polls, the chief rabbi has clearly spoken out against Jeremy Corbyn.","Anti-Semitism at Labour: British Rabbi warns against Corbyn's election The British Labour Party does not come from the headlines. Despite rising polls, the chief rabbi has clearly spoken out against Jeremy Corbyn.",others,0.0,0
2019-11-26,2019-11,RP ONLINE,Conflict & Protest,Column of the Berlin Republic: Threatened politicians,"People's representatives need more and more protection. They are increasingly exposed to hatred, incitement and violence. Now the government is launching first measures.","Column of the Berlin Republic: Threatened politicians People's representatives need more and more protection. They are increasingly exposed to hatred, incitement and violence. Now the government is launching first measures.",others,0.0,0
2019-11-27,2019-11,t-online.de,Miscellaneous,Red light at the taxi: When to call the police,"If the yellow light burns on the roof, then the taxi is free – on the occupied taxi the light is off. But there is another light. If it glows, something is wrong.","Red light at the taxi: When to call the police If the yellow light burns on the roof, then the taxi is free – on the occupied taxi the light is off. But there is another light. If it glows, something is wrong.",others,0.0,0
2019-11-27,2019-11,t-online.de,Miscellaneous,Taxi: That's why you should call the police when there's red light on the roof,Everyone knows the yellow light on the cab roof. A taxi can also send out a red light. Where this light is and what it means.,Taxi: That's why you should call the police when there's red light on the roof Everyone knows the yellow light on the cab roof. A taxi can also send out a red light. Where this light is and what it means.,others,0.0,0
2019-11-27,2019-11,t-online.de,Miscellaneous,Taxi: That's why you should call the police when there's red light on the roof,Everyone knows the yellow light on the cab roof. A taxi can also send out a red light. Where this light is and what it means.,Taxi: That's why you should call the police when there's red light on the roof Everyone knows the yellow light on the cab roof. A taxi can also send out a red light. Where this light is and what it means.,others,0.0,0
2019-11-28,2019-11,RTL Online,Miscellaneous,Glühwein: That's how easy you make it yourself!,You want to prepare mulled wine yourself? The choice of wine plays a decisive role here!,Glühwein: That's how easy you make it yourself! You want to prepare mulled wine yourself? The choice of wine plays a decisive role here!,others,0.0,3
2019-11-30,2019-11,Tagesspiegel,Conflict & Protest,Lifetime victims of right-wing violence : How the attack of a neo-Nazi destroyed a life,Orazio Giamblanco was beaten down in 1996 by a skinhead in Brandenburg with a baseball bat. Since then the Italian has been severely disabled.,Lifetime victims of right-wing violence : How the attack of a neo-Nazi destroyed a life Orazio Giamblanco was beaten down in 1996 by a skinhead in Brandenburg with a baseball bat. Since then the Italian has been severely disabled.,others,0.0,-1
2019-11-30,2019-11,Tagesspiegel,Conflict & Protest,Human Rights in China: The Role of German Companies in the Uighur Conflict,From BASF to VW: Many German companies produce in Xinjiang. They don't want to know about the suppression of the Uighurs.,Human Rights in China: The Role of German Companies in the Uighur Conflict From BASF to VW: Many German companies produce in Xinjiang. They don't want to know about the suppression of the Uighurs.,others,0.0,-1
2019-12-01,2019-12,BILD,Conflict & Protest,Violence in the family: That's why Yvonne had to flee from her husband,"Instead of love, there were insults and beatings. Her partner became her tormentor. With her child, she fled to the women's house.","Violence in the family: That's why Yvonne had to flee from her husband Instead of love, there were insults and beatings. Her partner became her tormentor. With her child, she fled to the women's house.",others,0.0,-1
2019-12-02,2019-12,Tagesspiegel,Miscellaneous,Cemile Sahin: No one talks about war like her,"Her novel ""Taxi"" is a sensation: dense, hard, fast. We visited the author Cemile Sahin in the studio.","Cemile Sahin: No one talks about war like her Her novel ""Taxi"" is a sensation: dense, hard, fast. We visited the author Cemile Sahin in the studio.",others,0.0,-1
2019-12-02,2019-12,Tagesspiegel,Miscellaneous,The most dangerous attack comes from the inside,"Nato is meeting in London to celebrate its foundation 70 years ago, but who is feeling so much argument about the purpose of the alliance after celebrations?","The most dangerous attack comes from the inside Nato is meeting in London to celebrate its foundation 70 years ago, but who is feeling so much argument about the purpose of the alliance after celebrations?",others,0.0,1
2019-12-04,2019-12,Tagesspiegel,Politics (Germany),"""Climate of hate"": Wolfgang Thierse calculates the SPD","The election of Walter-Borjans and Esken exacerbates the situation of the Social Democrats, says the former Federal President. He fears the total collapse of his party.","""Climate of hate"": Wolfgang Thierse calculates the SPD The election of Walter-Borjans and Esken exacerbates the situation of the Social Democrats, says the former Federal President. He fears the total collapse of his party.",fear,0.0,-1
2019-12-05,2019-12,Tagesspiegel,Miscellaneous,Union and SPD agree: Home Affairs Ministers want to be able to deport dangerous criminals to Syria,"For Syria plagued by the war, there is actually a stop to deportation. It is now to be relaxed, on which the Interior Ministers of the Union and SPD agreed.","Union and SPD agree: Home Affairs Ministers want to be able to deport dangerous criminals to Syria For Syria plagued by the war, there is actually a stop to deportation. It is now to be relaxed, on which the Interior Ministers of the Union and SPD agreed.",others,0.0,-1
2019-12-05,2019-12,Tagesspiegel,Miscellaneous,Kramp Karrenbauer in Afghanistan: Visit to a fateful place in the war zone,"Sandbags, bunkers, clay walls: For the first time, a Minister of Defense visited the new German camp in Kundus, where the Afghan war is very close.","Kramp Karrenbauer in Afghanistan: Visit to a fateful place in the war zone Sandbags, bunkers, clay walls: For the first time, a Minister of Defense visited the new German camp in Kundus, where the Afghan war is very close.",others,0.0,-1
2019-12-06,2019-12,Tagesspiegel,Conflict & Protest,"Touching, Kissing, Rape: In 2018, there were 3000 sexual assaults in Uber cars in the USA","The number of complaints about sexual violence in the benefit of the travel agent is increasing. In Germany, however, no comparable cases are known.","Touching, Kissing, Rape: In 2018, there were 3000 sexual assaults in Uber cars in the USA The number of complaints about sexual violence in the benefit of the travel agent is increasing. In Germany, however, no comparable cases are known.",others,0.0,-1
2019-12-07,2019-12,Tagesspiegel,Politics (Germany),Action of the Centre for Political Beauty: Grave plate of Chancellor of the Reich appeared in front of CDU headquarters,The grave plate of Franz von Papen was secured by the police in Berlin. Controversial action artists are committed to the action.,Action of the Centre for Political Beauty: Grave plate of Chancellor of the Reich appeared in front of CDU headquarters The grave plate of Franz von Papen was secured by the police in Berlin. Controversial action artists are committed to the action.,others,0.0,-1
2019-12-08,2019-12,Tagesspiegel,Miscellaneous,War in Donbas: In search of peace for eastern Ukraine,"Since 2014, fighting has been taking place in eastern Ukraine. At a summit in Paris, ways to solve the war are now to be sought. What are the chances for this?","War in Donbas: In search of peace for eastern Ukraine Since 2014, fighting has been taking place in eastern Ukraine. At a summit in Paris, ways to solve the war are now to be sought. What are the chances for this?",others,0.0,1
2019-12-08,2019-12,RTL Online,Miscellaneous,These are the coolest nail polish colors for winter,"Winter is not only noticeable in our outfit choice, but also on our nails. These are the most beautiful nail polish colors.","These are the coolest nail polish colors for winter Winter is not only noticeable in our outfit choice, but also on our nails. These are the most beautiful nail polish colors.",joy,0.9688727855682373,-1
2019-12-08,2019-12,RTL Online,Miscellaneous,French Nails and Co.: These are the coolest nail polish colors for the winter,"Winter is not only noticeable in our outfit choice, but also on our nails. These are the most beautiful nail polish colors.","French Nails and Co.: These are the coolest nail polish colors for the winter Winter is not only noticeable in our outfit choice, but also on our nails. These are the most beautiful nail polish colors.",joy,0.9317486882209778,-1
2019-12-09,2019-12,Tagesspiegel,Miscellaneous,"""Munition is not vegan or organic","On Monday, the shooting range affair of the Berlin police was once again the subject of the internal committee. It was about the compensation payments to the victims.","""Munition is not vegan or organic On Monday, the shooting range affair of the Berlin police was once again the subject of the internal committee. It was about the compensation payments to the victims.",others,0.0,0
2019-12-10,2019-12,Tagesspiegel,Miscellaneous,Official number up corrected: 100 people killed since the reunification of right-wing extremists,The state criminal authorities publicly classify the Lübcke case and the attack in Halle as right-wing acts. And a triple murder in NRW in 2003.,Official number up corrected: 100 people killed since the reunification of right-wing extremists The state criminal authorities publicly classify the Lübcke case and the attack in Halle as right-wing acts. And a triple murder in NRW in 2003.,others,0.0,1
2019-12-10,2019-12,Tagesspiegel,Conflict & Protest,Dispute over the transformation: Collision course in Karl-Marx-Allee,"In the dispute over the transformation, local residents' interests, traffic turnaround and climate protection clash with each other. In addition, there is an open conflict between the Senate and the district.","Dispute over the transformation: Collision course in Karl-Marx-Allee In the dispute over the transformation, local residents' interests, traffic turnaround and climate protection clash with each other. In addition, there is an open conflict between the Senate and the district.",others,0.0,0
2019-12-11,2019-12,Tagesspiegel,Conflict & Protest,"Berlin clans and organized crime: brutal determination, dilettan approach","Anti-Semitic mobbing, domestic violence, illegal street races: Why the clans are actually hardly organized criminals.","Berlin clans and organized crime: brutal determination, dilettan approach Anti-Semitic mobbing, domestic violence, illegal street races: Why the clans are actually hardly organized criminals.",disgust,0.0,0
2019-12-13,2019-12,Tagesspiegel,Conflict & Protest,New President Abdelmadjid Tebboune: Mass protests accompany elections in Algeria,"Without election observers and international journalists, they were elected in Algeria on Friday. Many see the new president as the old elite of power.","New President Abdelmadjid Tebboune: Mass protests accompany elections in Algeria Without election observers and international journalists, they were elected in Algeria on Friday. Many see the new president as the old elite of power.",others,0.0,0
2019-12-13,2019-12,t-online.de,Miscellaneous,Bicycle accident: When to call the police - follow clear rules,"An accident with a bicycle – and suddenly there is the shock, the damage and the question of guilt. But when exactly should you call the police? And what if the other one just goes on?","Bicycle accident: When to call the police - follow clear rules An accident with a bicycle – and suddenly there is the shock, the damage and the question of guilt. But when exactly should you call the police? And what if the other one just goes on?",fear,0.0,-1
2019-12-14,2019-12,Tagesspiegel,Politics (Germany),Berliner Sporterwahl: Patrick Hausding jumps highest,"Patrick Hausding wins the men's election. For the coming year he sets himself once again high goals, especially Olympia has Hausding in mind.","Berliner Sporterwahl: Patrick Hausding jumps highest Patrick Hausding wins the men's election. For the coming year he sets himself once again high goals, especially Olympia has Hausding in mind.",others,0.0,0
2019-12-14,2019-12,Tagesspiegel,Miscellaneous,Progress in the new police law: Police and emergency services in Berlin get bodycams,The first agreements were said to have been reached in the struggle for the amendment of the Berlin police law.,Progress in the new police law: Police and emergency services in Berlin get bodycams The first agreements were said to have been reached in the struggle for the amendment of the Berlin police law.,others,0.0,0
2019-12-14,2019-12,Tagesspiegel,Conflict & Protest,Funeral service for killed firefighters: Hundreds say goodbye to Augsburg victims of violence,The news has shaken many: A fireman dies in a violent attack in Augsburg. Now there was a funeral with many comrades.,Funeral service for killed firefighters: Hundreds say goodbye to Augsburg victims of violence The news has shaken many: A fireman dies in a violent attack in Augsburg. Now there was a funeral with many comrades.,sadness,-0.9907737374305725,-1
2019-12-15,2019-12,Tagesspiegel,Climate & Environment,Moroccan secret service informed about Amri's environment: BKA did not forward all information about Breitscheidplatz assassins,"Shortly before the attack on Breitscheidplatz, the BKA received a decisive tip about the assassin. The Berlin investigators did not reach it.","Moroccan secret service informed about Amri's environment: BKA did not forward all information about Breitscheidplatz assassins Shortly before the attack on Breitscheidplatz, the BKA received a decisive tip about the assassin. The Berlin investigators did not reach it.",others,0.0,1
2019-12-15,2019-12,WEB.DE News,Miscellaneous,Police shoot man in a knife attack in Mannheim,"In Mannheim, a 44-year-old man was shot by two police officers. The man had threatened the officers with a knife and had died after the shots at the hospital.","Police shoot man in a knife attack in Mannheim In Mannheim, a 44-year-old man was shot by two police officers. The man had threatened the officers with a knife and had died after the shots at the hospital.",sadness,-0.4750770926475525,2
2019-12-15,2019-12,Tagesspiegel,Miscellaneous,Islamist Terror in Nigeria: Boko Haram Fighters Kill Cattle Breeders and Hostages,"Dozens of people died in a firefight, and later the jihadists set fire to their village. Boko Haram has been terrorizing the region for ten years.","Islamist Terror in Nigeria: Boko Haram Fighters Kill Cattle Breeders and Hostages Dozens of people died in a firefight, and later the jihadists set fire to their village. Boko Haram has been terrorizing the region for ten years.",fear,0.0,1
2019-12-15,2019-12,Tagesspiegel,Miscellaneous,Islamist Terror in Nigeria: Boko Haram Fighters Kill Cattle Breeders and Hostages,"Dozens of people died in a firefight, and later the jihadists set fire to their village. Boko Haram has been terrorizing the region for ten years.","Islamist Terror in Nigeria: Boko Haram Fighters Kill Cattle Breeders and Hostages Dozens of people died in a firefight, and later the jihadists set fire to their village. Boko Haram has been terrorizing the region for ten years.",fear,0.0,1
2019-12-16,2019-12,RP ONLINE,Climate & Environment,"Innogy Manager Bernhard Günther: Motif in the ""professional environment""",Was there a competitor behind the acid attack on Innogy manager Bernhard Günther? The victim firmly believes that someone wanted his job. In an interview Günther says now even that he suspects someone special. He does not name a name.,"Innogy Manager Bernhard Günther: Motif in the ""professional environment"" Was there a competitor behind the acid attack on Innogy manager Bernhard Günther? The victim firmly believes that someone wanted his job. In an interview Günther says now even that he suspects someone special. He does not name a name.",others,0.0,-1
2019-12-17,2019-12,Tagesspiegel,Politics (Germany),Day One of the New Parliament: The Labyrinth at the Thames,"For the first time after the election, the British Parliament has met, and the newcomers have lost their way as usual.","Day One of the New Parliament: The Labyrinth at the Thames For the first time after the election, the British Parliament has met, and the newcomers have lost their way as usual.",others,0.0,0
2019-12-17,2019-12,Tagesspiegel,Miscellaneous,"42 years ""Star Wars: That's why ""Star Wars"" are so successful worldwide","The long ""Star Wars"" – this Wednesday episode number nine will be in the cinemas. Why can't so many of the saga get enough? Questions and answers on the subject.","42 years ""Star Wars: That's why ""Star Wars"" are so successful worldwide The long ""Star Wars"" – this Wednesday episode number nine will be in the cinemas. Why can't so many of the saga get enough? Questions and answers on the subject.",others,0.0,-1
2019-12-18,2019-12,Tagesspiegel,Miscellaneous,"Bad software by e-mail: Police warn internally of ""emotet""","The police in Berlin are currently warning their employees of the virus ""Emotet"". A spam mail wave already concerns federal authorities.","Bad software by e-mail: Police warn internally of ""emotet"" The police in Berlin are currently warning their employees of the virus ""Emotet"". A spam mail wave already concerns federal authorities.",fear,0.0,0
2019-12-18,2019-12,Tagesspiegel,Miscellaneous,Yugoslavia's only Nobel Prize winner in Literature: Ivo Andrić in a new biography,"He was a writer and diplomat, remained silent during the war and arranged with Tito. Michael Martens wrote a fascinating biography of the narrator Ivo Andrić.","Yugoslavia's only Nobel Prize winner in Literature: Ivo Andrić in a new biography He was a writer and diplomat, remained silent during the war and arranged with Tito. Michael Martens wrote a fascinating biography of the narrator Ivo Andrić.",others,0.0,-1
2019-12-19,2019-12,Tagesspiegel,Miscellaneous,"""The victims are and will not forget",The terror from Breitscheidplatz is not processed even after three years. Berlin's victim officer talks about lessons from the attack in an interview.,"""The victims are and will not forget The terror from Breitscheidplatz is not processed even after three years. Berlin's victim officer talks about lessons from the attack in an interview.",others,0.0,-1
2019-12-19,2019-12,Tagesspiegel,Miscellaneous,The wounds after the attack: How did Berlin process the terror from Breitscheidplatz?,"Three years ago, twelve people died in an attack on Breitscheidplatz in Berlin, more than 100 were injured. Not all feel well accompanied.","The wounds after the attack: How did Berlin process the terror from Breitscheidplatz? Three years ago, twelve people died in an attack on Breitscheidplatz in Berlin, more than 100 were injured. Not all feel well accompanied.",sadness,-0.9909850358963013,-1
2019-12-20,2019-12,Tagesspiegel,Miscellaneous,20 Years of Rimini Protocol: Attack of the Present,"The founders of the performance group Rimini Protokoll call themselves ""experts of everyday life"". For the 20th anniversary they celebrate their interventions in the HAU.","20 Years of Rimini Protocol: Attack of the Present The founders of the performance group Rimini Protokoll call themselves ""experts of everyday life"". For the 20th anniversary they celebrate their interventions in the HAU.",others,0.0,1
2019-12-21,2019-12,Tagesspiegel,Miscellaneous,Right terror for three years: The anger of the people in Neukölln is growing,"Fire attacks and swastikas: For three years, right-wing perpetrators have been terrorizing Neukölln, which loses confidence in the police.","Right terror for three years: The anger of the people in Neukölln is growing Fire attacks and swastikas: For three years, right-wing perpetrators have been terrorizing Neukölln, which loses confidence in the police.",anger,-0.9434970021247864,1
2019-12-21,2019-12,STERN.de,Miscellaneous,Battle group Peiper - Hitler's last attack failed in a small village,With this offensive Hitler wanted to turn the war luck. His best division was to storm through the Ardennes with Königstiger tanks. But that went wrong.,Battle group Peiper - Hitler's last attack failed in a small village With this offensive Hitler wanted to turn the war luck. His best division was to storm through the Ardennes with Königstiger tanks. But that went wrong.,others,0.0,-1
2019-12-24,2019-12,solinger-tageblatt.de,Miscellaneous,Curious speed cameras pictures: The craziest radar photos,"With laser pistols and radar traps, the police hunt for speed detectors. There are also unusual radar photos. Click through the gallery.","Curious speed cameras pictures: The craziest radar photos With laser pistols and radar traps, the police hunt for speed detectors. There are also unusual radar photos. Click through the gallery.",others,0.0,-1
2019-12-26,2019-12,Tagesspiegel,Conflict & Protest,"Protest and unrest in Chile: ""I hope it wasn't for nothing.""",In Chile the masses have been demonstrating for weeks. The triggers were rising prices for the subway. The real reason is the legacy of Pinochet.,"Protest and unrest in Chile: ""I hope it wasn't for nothing."" In Chile the masses have been demonstrating for weeks. The triggers were rising prices for the subway. The real reason is the legacy of Pinochet.",others,0.0,0
2019-12-26,2019-12,Tagesspiegel,Miscellaneous,"Ambushes, raids, hours of fighting: dozens of deaths in terrorist attacks in West Africa","Terror prevents the idea of a peaceful Christmas in some areas of West Africa. EU: ""The Sahel must mobilize us all.""","Ambushes, raids, hours of fighting: dozens of deaths in terrorist attacks in West Africa Terror prevents the idea of a peaceful Christmas in some areas of West Africa. EU: ""The Sahel must mobilize us all.""",others,0.0,1
2019-12-26,2019-12,Tagesspiegel,Miscellaneous,Living with the trauma: If the horror of Afghanistan doesn't want to end in the homeland,"Since he was a sniper in the war, Alexander Sedlak has suffered from post-traumatic stress disorder. Now he wants to encourage others with a star march.","Living with the trauma: If the horror of Afghanistan doesn't want to end in the homeland Since he was a sniper in the war, Alexander Sedlak has suffered from post-traumatic stress disorder. Now he wants to encourage others with a star march.",others,0.0,1
2019-12-27,2019-12,Tagesspiegel,Conflict & Protest,Dispute over art and collection objects: Hope for fair agreement with Hohenzollern dwindles,"Minister of State for Culture Grütters finds the talks with the Hohenzollern ""delusionally difficult"". The conflict now threatens to land in court.","Dispute over art and collection objects: Hope for fair agreement with Hohenzollern dwindles Minister of State for Culture Grütters finds the talks with the Hohenzollern ""delusionally difficult"". The conflict now threatens to land in court.",others,0.0,0
2019-12-29,2019-12,Tagesspiegel,Conflict & Protest,Protest in Zehlendorf: How a settlement fights against climate change and rising rents,"The quarter is supposed to be climate-neutral by 2030, but some residents don't have time for it. They are fighting a completely different fight.","Protest in Zehlendorf: How a settlement fights against climate change and rising rents The quarter is supposed to be climate-neutral by 2030, but some residents don't have time for it. They are fighting a completely different fight.",others,0.0,-1
2019-12-29,2019-12,RP ONLINE,Conflict & Protest,When local politicians become victims of violence.,"An average of 3.6 attacks per day are perpetrated on officials and elected representatives. Faced with the upcoming elections in cities and communities in NRW, the parties fear that they can inspire fewer people to volunteer.","When local politicians become victims of violence. An average of 3.6 attacks per day are perpetrated on officials and elected representatives. Faced with the upcoming elections in cities and communities in NRW, the parties fear that they can inspire fewer people to volunteer.",fear,0.0,-1
2019-12-29,2019-12,Tagesspiegel,Miscellaneous,"Pianist Igor Levit received death threats: ""Am I afraid? Yes, but not for me.""",The pianist Igor Levit was threatened with an attack on a concert. He warns against systematic anti-Semitism and racism. A guest contribution.,"Pianist Igor Levit received death threats: ""Am I afraid? Yes, but not for me."" The pianist Igor Levit was threatened with an attack on a concert. He warns against systematic anti-Semitism and racism. A guest contribution.",others,0.0,-1
2019-12-30,2019-12,Tagesspiegel,Conflict & Protest,A Black Year: How Dangerous Is Right Terror?,"The incidents were terrifying. Again and again, extreme right-wing violence has shaken the country in 2019. What dimension does terror have? Questions and answers.","A Black Year: How Dangerous Is Right Terror? The incidents were terrifying. Again and again, extreme right-wing violence has shaken the country in 2019. What dimension does terror have? Questions and answers.",fear,0.0,1
2019-12-30,2019-12,Tagesspiegel,Miscellaneous,Response to attack with 79 dead: US bombing Islamist militia in Somalia,"After a bomb attack in Mogadishu, the U.S. military attacked the Al-Shabaab militia with drones, killing an Islamic group commander.","Response to attack with 79 dead: US bombing Islamist militia in Somalia After a bomb attack in Mogadishu, the U.S. military attacked the Al-Shabaab militia with drones, killing an Islamic group commander.",others,0.0,1
